doc_id,movie_id,title,year,source,section,sha1,length_chars,date_collected
DOC_000001,377,Jojo Rabbit,2019,wiki,production,133f756a481bcd6ac6bb3837b67508888c97ab6b,29820,2026-04-27T17:44:31.502323
DOC_000002,62,Jurassic Park,1993,wiki,production,089de31ed2a6ffee3c7e71532d999572b7a97f2f,25095,2026-04-27T17:44:31.502323
DOC_000003,9,The Godfather,1972,wiki,production,025a034c7539d3e33204167c99bddf1f26db9e71,22871,2026-04-27T17:44:31.502323
DOC_000004,93,The Grand Budapest Hotel,2014,wiki,production,69a9063672f739c6cdf14ba01641d9d8e58c3631,20313,2026-04-27T17:44:31.502323
DOC_000005,78,Die Hard,1988,wiki,production,ce5fcc468bc84ec7feec73631be757ee0eedb02c,17980,2026-04-27T17:44:31.502323
DOC_000006,170,Apocalypse Now,1979,wiki,production,b86ba0de4fd9b6a0f22391d9e2040ecf614ce8c9,17785,2026-04-27T17:44:31.502323
DOC_000007,4,Fight Club,1999,wiki,production,88d58cc0c9d4a67844dfd4a7f83ef63ae046bab2,17489,2026-04-27T17:44:31.502323
DOC_000008,381,Ghostbusters,1984,wiki,production,056b40347708bef7577acebc6dba4cb46479149f,17418,2026-04-27T17:44:31.502323
DOC_000009,1,The Shawshank Redemption,1994,wiki,production,f36a9802523dca3e1a3e2efbe9ffc72ca18d5c12,17387,2026-04-27T17:44:31.502323
DOC_000010,60,No Country for Old Men,2007,wiki,production,1d969a1bb0490223e40bf9227474a9f52db50bb4,16449,2026-04-27T17:44:31.502323
DOC_000011,167,Skyfall,2012,wiki,production,a6c858df5207c76d69d8f39a469f024a0d052475,16154,2026-04-27T17:44:31.502323
DOC_000012,316,Tangled,2010,wiki,production,9665a7cb3e80d9a5a80c7b463f96276ab38c496c,15968,2026-04-27T17:44:31.502323
DOC_000013,116,Donnie Darko,2001,wiki,production,fea13f0b4698b7953ccc607d774ea070e61c0260,15529,2026-04-27T17:44:31.502323
DOC_000014,48,The Lion King,1994,wiki,production,8545dba87dec07c39b4df8fca1d0a358d95ee296,14723,2026-04-27T17:44:31.502323
DOC_000015,251,Zootopia,2016,wiki,reception,499386877e5a4514c8a67ac49b9d4fa2c3d29dec,14681,2026-04-27T17:44:31.502323
DOC_000016,129,Knives Out,2019,wiki,production,8ef76986dd88c236970fc1ea38a57a989db8a15a,14356,2026-04-27T17:44:31.502323
DOC_000017,220,Baby Driver,2017,wiki,production,91cf388c8bb63424900429d928f7acb19eb29b2e,13909,2026-04-27T17:44:31.502323
DOC_000018,135,Gran Torino,2008,wiki,production,eb481ad733893369a7c07c5fb0f4918b9d794ade,13648,2026-04-27T17:44:31.502323
DOC_000019,3,Inception,2010,wiki,production,1cb16b782b34050d93d7ddc7816cf8f0162392f0,13554,2026-04-27T17:44:31.502323
DOC_000020,113,The Big Lebowski,1998,wiki,production,f7c27765d6c1880802ae2434379749a8fd77e565,12463,2026-04-27T17:44:31.502323
DOC_000021,364,The Hurt Locker,2009,wiki,production,1c6ba46df5125efaac561f5261c36082017ef76b,12450,2026-04-27T17:44:31.502323
DOC_000022,125,Blade Runner,1982,wiki,production,471bcd16a6c7f0da6043f46f4d1b3cbedd8073de,12285,2026-04-27T17:44:31.502323
DOC_000023,59,Mad Max: Fury Road,2015,wiki,production,657778ae5386bbe6289a6278035cac8cfd16c331,12205,2026-04-27T17:44:31.502323
DOC_000024,151,Edge of Tomorrow,2014,wiki,production,5344ae56de2cd5338c1af3dbcdc5a60e7029332a,12043,2026-04-27T17:44:31.502323
DOC_000025,361,The Exorcist,1973,wiki,reception,19bcde27e98e0b9bbf12693dc31bb84a622a3c92,11989,2026-04-27T17:44:31.502323
DOC_000026,3,Inception,2010,wiki,reception,6d4423e768c06cc257ae1de450bf50100abca096,11935,2026-04-27T17:44:31.502323
DOC_000027,178,La La Land,2016,wiki,production,3e7a3dd17be84b02ab85d20095bd0deb74d045f2,11730,2026-04-27T17:44:31.502323
DOC_000028,7,Pulp Fiction,1994,wiki,production,3f4fda8de443b57cbec916e2e09cff2286eef4ca,11567,2026-04-27T17:44:31.502323
DOC_000029,389,3 Idiots,2009,wiki,production,14cbadacd6e57bfa919cfec40def99fe1ef82f26,11561,2026-04-27T17:44:31.502323
DOC_000030,25,Schindler's List,1994,wiki,production,d24a87e501b6d5f0354a09ee3ceadadbda46e244,11544,2026-04-27T17:44:31.502323
DOC_000031,37,GoodFellas,1990,wiki,production,f97381dd98bdfebe2380671b13de110be72c6f25,11537,2026-04-27T17:44:31.502323
DOC_000032,63,Toy Story,1995,wiki,production,ac1651efd2de0058adf5719ace32498703f51d95,11330,2026-04-27T17:44:31.502323
DOC_000033,364,The Hurt Locker,2009,wiki,reception,4730b0acb3580f071673ee317587c9ac465b8f26,11305,2026-04-27T17:44:31.502323
DOC_000034,317,The Fifth Element,1997,wiki,production,9829f154ed092dad007418d225c321f0ce0d2a46,11042,2026-04-27T17:44:31.502323
DOC_000035,48,The Lion King,1994,wiki,reception,bf243d542c9f2e6e9cfd485d24f276e865ab84ea,10927,2026-04-27T17:44:31.502323
DOC_000036,58,Finding Nemo,2003,wiki,reception,392fffe60cb52b752ff4be46909ed93cb0a9fd5b,10421,2026-04-27T17:44:31.502323
DOC_000037,188,Home Alone,1990,wiki,production,6039e280d65e21ad77952d18ed8a5e1af697ce4f,10410,2026-04-27T17:44:31.502323
DOC_000038,25,Schindler's List,1994,wiki,reception,11213c07039293e90e9e946a96a81d62246bc4b7,10097,2026-04-27T17:44:31.502323
DOC_000039,137,Full Metal Jacket,1987,wiki,production,5494e40c9b680ff04c8e6dfb0df6e8f6fc4795c9,9904,2026-04-27T17:44:31.502323
DOC_000040,56,Good Will Hunting,1998,wiki,production,705eeee32622d7e00852ebbe67b294f84651a663,9549,2026-04-27T17:44:31.502323
DOC_000041,313,Dallas Buyers Club,2013,wiki,reception,5f5d1bc797cb788c4df2d69f46df15f32b012e79,9418,2026-04-27T17:44:31.502323
DOC_000042,194,The King's Speech,2010,wiki,production,73a12f446554a34c3bc57b5d1c6be4b526c3e9c2,9227,2026-04-27T17:44:31.502323
DOC_000043,248,Shaun of the Dead,2004,wiki,production,a0562cb60c01c51e6af7ffc4cdb33a70e633514d,9186,2026-04-27T17:44:31.502323
DOC_000044,51,The Usual Suspects,1995,wiki,production,a316b300d23c8affdb5ffa18a4507aeca81bc3c4,9118,2026-04-27T17:44:31.502323
DOC_000045,352,Gangs of New York,2002,wiki,production,3cf0659652596370e36624306aa356861d782565,9093,2026-04-27T17:44:31.502323
DOC_000046,8,The Matrix,1999,wiki,reception,84cea4639b7aea9ec7946d638e0fe64dc1ee183d,9058,2026-04-27T17:44:31.502323
DOC_000047,15,Django Unchained,2012,wiki,production,ccd8840e3ff047dfb43813af1aa49e4172f703ad,8928,2026-04-27T17:44:31.502323
DOC_000048,135,Gran Torino,2008,wiki,reception,1e461ebc0611321f1f76f21107c0fed751ee90d2,8852,2026-04-27T17:44:31.502323
DOC_000049,217,Tenet,2020,wiki,reception,03c5e44a59200d359b5d2352466fe09b56cb37b3,8838,2026-04-27T17:44:31.502323
DOC_000050,312,Top Gun,1986,wiki,production,50bbc4ce9cdfd4d184f67634f15a0191e70562de,8687,2026-04-27T17:44:31.502323
DOC_000051,117,Slumdog Millionaire,2008,wiki,reception,0e7d69e3d14dcd40e99a6e1117d95e6511740a4e,8631,2026-04-27T17:44:31.502323
DOC_000052,216,Rocky,1976,wiki,production,a353f67b7aa3a7c3da28404d6ec43e1eaae2139c,8509,2026-04-27T17:44:31.502323
DOC_000053,314,28 Days Later,2002,wiki,production,e43fd577ee30aaaeae1025e1018fe87d448a5271,8437,2026-04-27T17:44:31.502323
DOC_000054,6,Forrest Gump,1994,wiki,reception,2ed9898c41becca98c6f0a7e749472161c28ed8a,8436,2026-04-27T17:44:31.502323
DOC_000055,305,Little Miss Sunshine,2006,wiki,production,ae1d3990a502e343873f7df7adc1c67fee06ae25,8382,2026-04-27T17:44:31.502323
DOC_000056,149,Shrek,2001,wiki,reception,31197a3f336f804ea1877e42744b1f906db5bceb,8314,2026-04-27T17:44:31.502323
DOC_000057,89,12 Angry Men,1957,wiki,production,88f865ff2c6180b240c5e399ad7fdc22bddb7a51,8259,2026-04-27T17:44:31.502323
DOC_000058,67,Braveheart,1995,wiki,reception,45ccf4fe1f366150d2ab4939c543d13959e76132,8226,2026-04-27T17:44:31.502323
DOC_000059,18,Inglourious Basterds,2009,wiki,production,1055500d97af38a5b1af40d019b4a9e3a79d6661,8138,2026-04-27T17:44:31.502323
DOC_000060,64,Reservoir Dogs,1992,wiki,reception,ab9da6ef7d0e10d903afa6e61035685a603315e6,8101,2026-04-27T17:44:31.502323
DOC_000061,377,Jojo Rabbit,2019,wiki,reception,904cc072847fe4621350332f2775cfdf1ec12ad8,8004,2026-04-27T17:44:31.502323
DOC_000062,127,The Imitation Game,2014,wiki,reception,e3e82ad350c54cf3eb2ac6c48ea8280bc5ecd01a,7990,2026-04-27T17:44:31.502323
DOC_000063,8,The Matrix,1999,wiki,production,cbbc1d4b6f83d7c2c3b7344477000276b80105b5,7976,2026-04-27T17:44:31.502323
DOC_000064,9,The Godfather,1972,wiki,reception,3f42df9cd56599ad51b83902d5bc7ecde888b8cb,7860,2026-04-27T17:44:31.502323
DOC_000065,188,Home Alone,1990,wiki,reception,69ad5c8573d624b8b14e3b4369dbfe189b29de38,7837,2026-04-27T17:44:31.502323
DOC_000066,194,The King's Speech,2010,wiki,reception,538026be64880e466a6083eafe2734ebfb41a069,7789,2026-04-27T17:44:31.502323
DOC_000067,62,Jurassic Park,1993,wiki,reception,76fffcbb6edb22f510579db465b4641ebd24e30b,7685,2026-04-27T17:44:31.502323
DOC_000068,129,Knives Out,2019,wiki,reception,425fd4d7c72b7ed5ac6f525403419d55560165c8,7654,2026-04-27T17:44:31.502323
DOC_000069,313,Dallas Buyers Club,2013,wiki,production,d049456bc8331ac26a60683f0dc6ca1aae38e479,7652,2026-04-27T17:44:31.502323
DOC_000070,216,Rocky,1976,wiki,reception,bd672725fc0fb2e4bb416ea55bc59290970b33f9,7646,2026-04-27T17:44:31.502323
DOC_000071,248,Shaun of the Dead,2004,wiki,reception,82b33b3c7370bad9668b351e125726da0dbc6707,7334,2026-04-27T17:44:31.502323
DOC_000072,184,Pan's Labyrinth,2007,wiki,production,5a2e8aa3a7dfe1ab12ec3cd33e93d7da58299822,7324,2026-04-27T17:44:31.502323
DOC_000073,93,The Grand Budapest Hotel,2014,wiki,reception,84f04910962d9175c37cc1dd909bbe3a763f2741,7238,2026-04-27T17:44:31.502323
DOC_000074,316,Tangled,2010,wiki,reception,ba3aa5db9e2107ab59487fe4a34ade87daf5401b,7206,2026-04-27T17:44:31.502323
DOC_000075,148,Life Is Beautiful,1997,wiki,reception,503b3f571d838b914f0490199ac732a00ff4ac18,7155,2026-04-27T17:44:31.502323
DOC_000076,254,Everything Everywhere All at Once,2022,wiki,production,b3ee8a827c986c15afe3808c501cec0c36c971af,7130,2026-04-27T17:44:31.502323
DOC_000077,374,Tropic Thunder,2008,wiki,reception,c79ca6ce51559904d8eede33d428f1d59b84cd48,7117,2026-04-27T17:44:31.502323
DOC_000078,80,Taxi Driver,1976,wiki,production,a0a3435a61149ac64760e3d71d22118e95d9b2fe,7057,2026-04-27T17:44:31.502323
DOC_000079,61,Eternal Sunshine of the Spotless Mind,2004,wiki,production,b788e92853933693a5231412dcbbf82ebe444a86,6978,2026-04-27T17:44:31.502323
DOC_000080,23,Saving Private Ryan,1998,wiki,production,4c5ab9588c20bebeaae6e187ff59bb920ae3588e,6911,2026-04-27T17:44:31.502323
DOC_000081,58,Finding Nemo,2003,wiki,production,15afa4288cf1220591b361df7b50fb52da14b907,6781,2026-04-27T17:44:31.502323
DOC_000082,18,Inglourious Basterds,2009,wiki,reception,05eab4514192c565d3a222b6330f83d680d7a38d,6719,2026-04-27T17:44:31.502323
DOC_000083,78,Die Hard,1988,wiki,reception,d1355cdc966043759cb06f844122a3a921640ea9,6693,2026-04-27T17:44:31.502323
DOC_000084,220,Baby Driver,2017,wiki,reception,6bf1a6506ec420805d203c8677b3c91c022d0b6a,6677,2026-04-27T17:44:31.502323
DOC_000085,165,Silver Linings Playbook,2012,wiki,reception,b8e27e0ba2f1ff1a4a1e359fd93a71e068469738,6673,2026-04-27T17:44:31.502323
DOC_000086,47,American History X,1998,wiki,reception,b75cb61af84fece23775ea96dc4699c5998086ed,6537,2026-04-27T17:44:31.502323
DOC_000087,137,Full Metal Jacket,1987,wiki,reception,01f1b7011662e5304a5b20be70d5da6f9ab91b2d,6445,2026-04-27T17:44:31.502323
DOC_000088,114,Inside Out,2015,wiki,reception,f26de849725845a53eb3974db82a78b4a36ecafe,6261,2026-04-27T17:44:31.502323
DOC_000089,91,Requiem for a Dream,2000,wiki,production,aff699fb9349bfc34ad4ec21ce1b3a3667e1d7fb,6206,2026-04-27T17:44:31.502323
DOC_000090,1,The Shawshank Redemption,1994,wiki,reception,8562f6fafd6b36bea912b84e9c22f5ff7e72de1c,6078,2026-04-27T17:44:31.502323
DOC_000091,215,The Notebook,2004,wiki,reception,f4279de75ae8d4214bf7a639b4b15931d2b79099,5963,2026-04-27T17:44:31.502323
DOC_000092,146,The Social Network,2010,wiki,production,98051f1790ad59ec53832a166820764bee251b5c,5874,2026-04-27T17:44:31.502323
DOC_000093,147,Get Out,2017,wiki,reception,5695de21a71676f455b62b231aa6f58030e0aa3f,5865,2026-04-27T17:44:31.502323
DOC_000094,388,Midsommar,2019,wiki,production,f00bca2a1ef4979fdd4e58b79ed01246810a0902,5836,2026-04-27T17:44:31.502323
DOC_000095,362,Wreck-It Ralph,2012,wiki,production,c73a0bf02c04abe57f1db7c662e5893fd7f7b495,5827,2026-04-27T17:44:31.502323
DOC_000096,388,Midsommar,2019,wiki,reception,9e21775bf63f05fad992370872a3fc690bda2a27,5747,2026-04-27T17:44:31.502323
DOC_000097,231,Zombieland,2009,wiki,production,589deafe79e454d1bea8758a40953a0e02d79e38,5720,2026-04-27T17:44:31.502323
DOC_000098,231,Zombieland,2009,wiki,reception,876cf5bd3c097ab3f4d35f3ad440e5de60f9c083,5690,2026-04-27T17:44:31.502323
DOC_000099,170,Apocalypse Now,1979,wiki,reception,0da600aef371028b77de9613b64991c3b5772cef,5658,2026-04-27T17:44:31.502323
DOC_000100,182,District 9,2009,wiki,reception,b80bb0724cb9fde8804a7cdf71076fb63d8dfd2c,5605,2026-04-27T17:44:31.502323
DOC_000101,38,The Truman Show,1998,wiki,production,6e81f4129b2e2b86d29ef61e27f99eaef68f700f,5599,2026-04-27T17:44:31.502323
DOC_000102,117,Slumdog Millionaire,2008,wiki,production,771fb6b2e69e3bcf864020b1bec140594baa6c0e,5562,2026-04-27T17:44:31.502323
DOC_000103,381,Ghostbusters,1984,wiki,reception,2d009882b874c2f2745c63a24c085c243c3d8329,5514,2026-04-27T17:44:31.502323
DOC_000104,384,Mean Girls,2004,wiki,reception,50b1b26dd51d099924040393f89bf2f2ef7c58f9,5419,2026-04-27T17:44:31.502323
DOC_000105,214,Cast Away,2000,wiki,production,c46ac3f8e41cbb4bd0d30971ede96e9b90fb48f8,5383,2026-04-27T17:44:31.502323
DOC_000106,63,Toy Story,1995,wiki,reception,e04cbe6e91ce206a1696c3c55c53661420aa919a,5307,2026-04-27T17:44:31.502323
DOC_000107,107,The Hangover,2009,wiki,production,a13ceeb5ae6a6546215f6c885adc0c1c57155222,5211,2026-04-27T17:44:31.502323
DOC_000108,47,American History X,1998,wiki,production,d926f888143dd0c63adb9dbb569a808ccbfbb9c6,5169,2026-04-27T17:44:31.502323
DOC_000109,215,The Notebook,2004,wiki,production,1f20ecbd5f0111f43c23f9eddcd7424d66b83755,5023,2026-04-27T17:44:31.502323
DOC_000110,15,Django Unchained,2012,wiki,reception,5b1e3cf59aabe805d91f3391cadb8697d58670bd,4998,2026-04-27T17:44:31.502323
DOC_000111,113,The Big Lebowski,1998,wiki,reception,58fcc1e142552039f448bdb58ef9060d3c13b7a0,4961,2026-04-27T17:44:31.502323
DOC_000112,240,Dead Poets Society,1989,wiki,reception,1d9765cde33aa923d6c4e899bb8c31dd21d5ad65,4948,2026-04-27T17:44:31.502323
DOC_000113,184,Pan's Labyrinth,2007,wiki,reception,c851087d0febf5e0a9498f5dd3c216a9a3a3b6c5,4930,2026-04-27T17:44:31.502323
DOC_000114,61,Eternal Sunshine of the Spotless Mind,2004,wiki,reception,f8af03417219c4301c0422b4970d3d43523f7add,4890,2026-04-27T17:44:31.502323
DOC_000115,384,Mean Girls,2004,wiki,production,3599e2ecb4e446dccd9c832d524215b654d94b37,4835,2026-04-27T17:44:31.502323
DOC_000116,389,3 Idiots,2009,wiki,reception,5cd7486bb251ea430a1b8ec5b332dc8b8be98f13,4734,2026-04-27T17:44:31.502323
DOC_000117,165,Silver Linings Playbook,2012,wiki,production,623c4a959d4344ec44e2a240fa8e7775430c2026,4719,2026-04-27T17:44:31.502323
DOC_000118,184,Pan's Labyrinth,2007,wiki,plot_build_up,1a4481f9ef7c1b52278b7134ef624bdb9636743f,4687,2026-04-27T17:44:31.502323
DOC_000119,369,Citizen Kane,1941,wiki,production,9510cb62bec53ff1d1d11d81a09cd853f51eb806,4685,2026-04-27T17:44:31.502323
DOC_000120,24,The Prestige,2006,wiki,production,c8631627563a65a6dc443be963eabf7c92e02006,4637,2026-04-27T17:44:31.502323
DOC_000121,50,V for Vendetta,2006,wiki,plot_build_up,6c23c6e4b60ec5b19a98f73bde159e192967cad7,4636,2026-04-27T17:44:31.502323
DOC_000122,238,A Quiet Place,2018,wiki,production,d3ed79e8576a60ff16145332c0b0bee081ba6cb6,4608,2026-04-27T17:44:31.502323
DOC_000123,64,Reservoir Dogs,1992,wiki,production,849b850eeebdb2653756435c5647066971dc14ff,4573,2026-04-27T17:44:31.502323
DOC_000124,256,The Conjuring,2013,wiki,reception,422042f3d948f4669db7d7f972ac221b3afc3d8a,4524,2026-04-27T17:44:31.502323
DOC_000125,217,Tenet,2020,wiki,production,d0bf44a64b69ca99dbca32bc7bbe8f4d19492810,4410,2026-04-27T17:44:31.502323
DOC_000126,182,District 9,2009,wiki,production,d740124a7db3d21223d7fb656b37ffaebc00c8ca,4318,2026-04-27T17:44:31.502323
DOC_000127,97,Spirited Away,2003,wiki,production,25b3d2eb298c1c07e6291c62ea8b1726219f8eee,4131,2026-04-27T17:44:31.502323
DOC_000128,212,Superbad,2007,wiki,reception,353f66b9ea93562c9318ce0c0f6347a179d031c1,4110,2026-04-27T17:44:31.502323
DOC_000129,306,The Butterfly Effect,2004,wiki,production,587c2537edfccfdc72d585453b8d9d36482bf5d8,4081,2026-04-27T17:44:31.502323
DOC_000130,174,Million Dollar Baby,2005,wiki,reception,3ac8e705636fdf343bb897931a69063bd243e4f7,4035,2026-04-27T17:44:31.502323
DOC_000131,125,Blade Runner,1982,wiki,reception,3584e6a1f30bb3ea78fc2cfa2071d5945065b243,4020,2026-04-27T17:44:31.502323
DOC_000132,52,Catch Me If You Can,2002,wiki,production,8eb8a9554bbcc70637d86d770f701f3a8c1e3682,3998,2026-04-27T17:44:31.502323
DOC_000133,319,Ready Player One,2018,wiki,reception,2e727c89e34800cd2e0415656777aab97072dd3b,3991,2026-04-27T17:44:31.502323
DOC_000134,160,2001: A Space Odyssey,1968,wiki,production,75aa91f93b024c3bdcb8b2cf23a89413d2eeed2f,3727,2026-04-27T17:44:31.502323
DOC_000135,29,The Departed,2006,wiki,reception,e8b4a89f58abbd6b716337e5c173c099c0ad21a3,3695,2026-04-27T17:44:31.502323
DOC_000136,97,Spirited Away,2003,wiki,reception,bbe7eb5761a29fc4444570393c5c4656d826ac7b,3694,2026-04-27T17:44:31.502323
DOC_000137,256,The Conjuring,2013,wiki,production,5e8149452eb0790d135906b995b611e94a98e3c4,3687,2026-04-27T17:44:31.502323
DOC_000138,312,Top Gun,1986,wiki,reception,6b5577f739a575d38ad9539993cc9b0eec31d062,3657,2026-04-27T17:44:31.502323
DOC_000139,37,GoodFellas,1990,wiki,reception,02b558510ac13ea8719f81c79009c268abbe2698,3602,2026-04-27T17:44:31.502323
DOC_000140,79,The Intouchables,2011,wiki,reception,54e11409c7099cd8007fc1b4febdb73c566f261c,3562,2026-04-27T17:44:31.502323
DOC_000141,59,Mad Max: Fury Road,2015,wiki,reception,a1c42d3e1fb303e1f71df70cf7b510662b6cd508,3548,2026-04-27T17:44:31.502323
DOC_000142,127,The Imitation Game,2014,wiki,plot_build_up,580b81c0e74fe088a77db946d6bdb5303711b26b,3491,2026-04-27T17:44:31.502323
DOC_000143,91,Requiem for a Dream,2000,wiki,reception,21973743113f6d8c5fbaa2c6c0cc6ba9e43a41a5,3488,2026-04-27T17:44:31.502323
DOC_000144,238,A Quiet Place,2018,wiki,reception,8750a1bad0205ec9336c52de4d7a3f6403ad36b8,3432,2026-04-27T17:44:31.502323
DOC_000145,376,Free Guy,2021,wiki,production,e5ea2f2892985dd1fd57af2efc29f6b707f7187a,3429,2026-04-27T17:44:31.502323
DOC_000146,147,Get Out,2017,wiki,production,4a5591940fc3ed538abc86ef8455fe9b8a48839b,3406,2026-04-27T17:44:31.502323
DOC_000147,107,The Hangover,2009,wiki,reception,4dde79dd7949fd83ce13d900e06faf57a95e2996,3381,2026-04-27T17:44:31.502323
DOC_000148,151,Edge of Tomorrow,2014,wiki,reception,e61743e047dd55a19cff6b478c0f32c205af54d5,3378,2026-04-27T17:44:31.502323
DOC_000149,206,Life of Pi,2012,wiki,plot_build_up,7147bc13c4b9f3449ba3c2b76053ba857ca7fef5,3364,2026-04-27T17:44:31.502323
DOC_000150,140,American Psycho,2000,wiki,reception,f67b3f02b676a456cf605ff3b651740d58d33468,3315,2026-04-27T17:44:31.502323
DOC_000151,48,The Lion King,1994,wiki,lead_section,cf178988b05802f3d6e563a7ce575d1885e79c65,3309,2026-04-27T17:44:31.502323
DOC_000152,306,The Butterfly Effect,2004,wiki,reception,b3980b690c194b066739d5091f196daeff55904a,3291,2026-04-27T17:44:31.502323
DOC_000153,78,Die Hard,1988,wiki,lead_section,eae343a0ca0f78b194b56d064f243233955407e5,3243,2026-04-27T17:44:31.502323
DOC_000154,149,Shrek,2001,wiki,lead_section,0b606903a862e47a566c6a31afa73a80bf67139b,3235,2026-04-27T17:44:31.502323
DOC_000155,62,Jurassic Park,1993,wiki,lead_section,affa2a27b049aaf85fdd9b081066b41bc47d713f,3179,2026-04-27T17:44:31.502323
DOC_000156,1,The Shawshank Redemption,1994,wiki,lead_section,1d58f9d0bfea2a1e18342bc08ca221728b19121c,3178,2026-04-27T17:44:31.502323
DOC_000157,139,Amélie,2002,wiki,reception,afe40989b2d4e53fde8fadcbbc458d2d3b880cb8,3156,2026-04-27T17:44:31.502323
DOC_000158,305,Little Miss Sunshine,2006,wiki,reception,95cd14446aeac213cd1e697b7fa430c6d4d28920,3150,2026-04-27T17:44:31.502323
DOC_000159,151,Edge of Tomorrow,2014,wiki,plot_build_up,f144136a5c4285de205ff5391a72dbc8f7007630,3130,2026-04-27T17:44:31.502323
DOC_000160,56,Good Will Hunting,1998,wiki,reception,c6e8976d4ea31ec6cfb2b69bb6718af8f7d74401,3130,2026-04-27T17:44:31.502323
DOC_000161,22,Shutter Island,2010,wiki,plot_build_up,d5931cd0f92d09c98d28e22988c5c4ec78c8698d,3105,2026-04-27T17:44:31.502323
DOC_000162,50,V for Vendetta,2006,wiki,plot_setup,996b237c660ddcde2c94f585d58ba0bb6778115d,3043,2026-04-27T17:44:31.502323
DOC_000163,381,Ghostbusters,1984,wiki,lead_section,4ff94f0a2fe9ecbda89bef0494bdd4b77b7fd173,3033,2026-04-27T17:44:31.502323
DOC_000164,343,Training Day,2001,wiki,reception,9dda95ddb685f83389d10c2e2af92f6c1fbe826e,3027,2026-04-27T17:44:31.502323
DOC_000165,214,Cast Away,2000,wiki,reception,8950da421ed3f644810f1d7604a4686e731bca70,3024,2026-04-27T17:44:31.502323
DOC_000166,63,Toy Story,1995,wiki,lead_section,375b6aa5b11f57ebdc0e5077fbe98ce24f924d24,3022,2026-04-27T17:44:31.502323
DOC_000167,167,Skyfall,2012,wiki,plot_build_up,2390c7346b35db39517d9a788a4ac1a6fb994156,3007,2026-04-27T17:44:31.502323
DOC_000168,386,In Time,2011,wiki,plot_build_up,b9b133f16aaa6f49db2cef407318283d2dc87241,3002,2026-04-27T17:44:31.502323
DOC_000169,170,Apocalypse Now,1979,wiki,lead_section,f4d59ffc24af65f84d6c4d1550f0f1cab6e89ca2,3000,2026-04-27T17:44:31.502323
DOC_000170,59,Mad Max: Fury Road,2015,wiki,plot_build_up,abb1fa9da337b76a273b2a1070320ba30eed48ed,2991,2026-04-27T17:44:31.502323
DOC_000171,67,Braveheart,1995,wiki,production,72adb8630ceaa8ecc052c70e9210677bc206b957,2979,2026-04-27T17:44:31.502323
DOC_000172,343,Training Day,2001,wiki,production,16358b4d666c4fd77cb86655706c6446bdec2cf0,2970,2026-04-27T17:44:31.502323
DOC_000173,313,Dallas Buyers Club,2013,wiki,lead_section,d677c696e6b8bc11bedeb34ec4284017ad21ce01,2949,2026-04-27T17:44:31.502323
DOC_000174,203,There Will Be Blood,2007,wiki,production,1a78138668205ee835c6b65dc55f84d2246d7d85,2942,2026-04-27T17:44:31.502323
DOC_000175,214,Cast Away,2000,wiki,plot_build_up,d688c77af78806583b248b43455f7b631c00ce07,2878,2026-04-27T17:44:31.502323
DOC_000176,6,Forrest Gump,1994,wiki,plot_build_up,6549d5c16cd5624b24f158f07b18da0ceed007f5,2871,2026-04-27T17:44:31.502323
DOC_000177,129,Knives Out,2019,wiki,plot_build_up,2fb60f507f8e4e387432afadf1dd6a5ce39f64a2,2865,2026-04-27T17:44:31.502323
DOC_000178,147,Get Out,2017,wiki,plot_build_up,a7552f861bfedc9b1d66497f23dd0e0484ba49ea,2864,2026-04-27T17:44:31.502323
DOC_000179,58,Finding Nemo,2003,wiki,plot_build_up,51ce94ef5a0231251523011512fe1f2bed1485bd,2843,2026-04-27T17:44:31.502323
DOC_000180,240,Dead Poets Society,1989,wiki,production,bae3738df0b782cd8a14d4e9e6b7f1963559c4f5,2819,2026-04-27T17:44:31.502323
DOC_000181,8,The Matrix,1999,wiki,lead_section,f7c7adc17158c7f789c2f56d2a69e2afdf369916,2807,2026-04-27T17:44:31.502323
DOC_000182,80,Taxi Driver,1976,wiki,plot_build_up,6d575cc342fe37f205e80fc95cf0ef629b8e3573,2794,2026-04-27T17:44:31.502323
DOC_000183,389,3 Idiots,2009,wiki,lead_section,328900bf3a1cbd3277383a764a7af64b338027a2,2794,2026-04-27T17:44:31.502323
DOC_000184,146,The Social Network,2010,wiki,plot_build_up,ff9f216bff9922232120c2d7eb49eef252f41e66,2790,2026-04-27T17:44:31.502323
DOC_000185,182,District 9,2009,wiki,plot_build_up,2db50d5681e227431b3bda33eff381ba2967e269,2782,2026-04-27T17:44:31.502323
DOC_000186,352,Gangs of New York,2002,wiki,plot_build_up,6240e3eb1b8e48105a363e04dfa503ec1817c446,2778,2026-04-27T17:44:31.502323
DOC_000187,178,La La Land,2016,wiki,plot_build_up,ad52e13812cdddf54fa4a90843481ba4a64da0d4,2769,2026-04-27T17:44:31.502323
DOC_000188,140,American Psycho,2000,wiki,plot_build_up,324fc181ec16b86ff384dc95c755c05592469ff8,2754,2026-04-27T17:44:31.502323
DOC_000189,60,No Country for Old Men,2007,wiki,plot_build_up,5ece4c5289ceb396679a28a9d668e80f6e212b0d,2733,2026-04-27T17:44:31.502323
DOC_000190,376,Free Guy,2021,wiki,reception,4de51609b2a0c050e09f8e39c9196211e8d03ea1,2725,2026-04-27T17:44:31.502323
DOC_000191,15,Django Unchained,2012,wiki,plot_build_up,2b7ea8a5dfc9ff942d4ce7011e91913f9b2834f1,2718,2026-04-27T17:44:31.502323
DOC_000192,79,The Intouchables,2011,wiki,plot_build_up,258ef2689da02f65beff44aacbb1c5e15a305b3f,2715,2026-04-27T17:44:31.502323
DOC_000193,80,Taxi Driver,1976,wiki,reception,486829da16350106cfb52d3427406009276d24ee,2671,2026-04-27T17:44:31.502323
DOC_000194,343,Training Day,2001,wiki,plot_build_up,36e2cd64211bb7a2ea3ec96a086984ad1c187a1a,2637,2026-04-27T17:44:31.502323
DOC_000195,29,The Departed,2006,wiki,production,511ed977acbea1caacb2a4b97ba7befd4bdad8ed,2633,2026-04-27T17:44:31.502323
DOC_000196,70,The Sixth Sense,1999,wiki,production,3ec6d1af4cc896b09d55576e2d97dab5fc1615b4,2631,2026-04-27T17:44:31.502323
DOC_000197,9,The Godfather,1972,wiki,lead_section,e244a8ca4d6ccf9c637a4519c3cee96dba213b08,2622,2026-04-27T17:44:31.502323
DOC_000198,251,Zootopia,2016,wiki,production,49a24471fb0797dc8f69b13031d32f037d75bdee,2591,2026-04-27T17:44:31.502323
DOC_000199,354,The Last Samurai,2003,wiki,plot_build_up,02d206ce79e09cbe22cddc6074113f63c6b95408,2587,2026-04-27T17:44:31.502323
DOC_000200,18,Inglourious Basterds,2009,wiki,plot_build_up,463ff1cc873d7e16d9b78fdf7823e9feb50b331b,2583,2026-04-27T17:44:31.502323
DOC_000201,51,The Usual Suspects,1995,wiki,reception,c427bd2ac598229516cb2c10bbe518849a0a0586,2576,2026-04-27T17:44:31.502323
DOC_000202,146,The Social Network,2010,wiki,lead_section,586d265fe1e9482caf9e8c3f94a3acf0aef598ca,2574,2026-04-27T17:44:31.502323
DOC_000203,314,28 Days Later,2002,wiki,plot_build_up,3a8ae201f19d7b8dde358d99140bc85b4f7186ea,2574,2026-04-27T17:44:31.502323
DOC_000204,362,Wreck-It Ralph,2012,wiki,plot_build_up,fff7692970b42bcf3d0b7aeeeebcaabe4733536d,2563,2026-04-27T17:44:31.502323
DOC_000205,23,Saving Private Ryan,1998,wiki,lead_section,a9221277e8950b2c92b24ee892175533c164f75a,2552,2026-04-27T17:44:31.502323
DOC_000206,361,The Exorcist,1973,wiki,lead_section,8cf4184ecb363f8271e73c8864040286349dce90,2547,2026-04-27T17:44:31.502323
DOC_000207,312,Top Gun,1986,wiki,plot_build_up,defd5dc223f75a9eb087e80cda9229a0c534c59d,2539,2026-04-27T17:44:31.502323
DOC_000208,47,American History X,1998,wiki,plot_build_up,66dd0a94b9383ad7c0faecf0222eb0c93729cae6,2537,2026-04-27T17:44:31.502323
DOC_000209,369,Citizen Kane,1941,wiki,lead_section,aec5c7f7a3cc2f971ea11ddc0f6be214158c4aa1,2531,2026-04-27T17:44:31.502323
DOC_000210,389,3 Idiots,2009,wiki,plot_build_up,ff931f1047d3963f92e5a212a34f3cf75f37ddbb,2521,2026-04-27T17:44:31.502323
DOC_000211,51,The Usual Suspects,1995,wiki,plot_build_up,a5a3966b4ce0cc426cbabb96b473e63bd2b51800,2520,2026-04-27T17:44:31.502323
DOC_000212,313,Dallas Buyers Club,2013,imdb,imdb_synopsis,8ba3d8ab393859d325bf9d83de5bca1973b42d82,2519,2026-04-27T17:44:31.502323
DOC_000213,59,Mad Max: Fury Road,2015,wiki,lead_section,98c40d5511bf281c428815db66a19f807d1e2513,2515,2026-04-27T17:44:31.502323
DOC_000214,52,Catch Me If You Can,2002,wiki,reception,4d2594dadc0c57b4cb69c3a01a1e3dd8c4ddc7b3,2503,2026-04-27T17:44:31.502323
DOC_000215,178,La La Land,2016,wiki,lead_section,ce175df645fa0ca9e4400f12d1850f8ab024920d,2501,2026-04-27T17:44:31.502323
DOC_000216,24,The Prestige,2006,wiki,plot_build_up,d3a88851b2f6f73cc3d1b40dbbd1ca430525e6b2,2499,2026-04-27T17:44:31.502323
DOC_000217,352,Gangs of New York,2002,wiki,reception,4586d13f244b1ebf0e362890ebcc6236ae72e92f,2498,2026-04-27T17:44:31.502323
DOC_000218,217,Tenet,2020,wiki,plot_build_up,e889ffa14baab860aecc877f5609d8b0d0c1b502,2490,2026-04-27T17:44:31.502323
DOC_000219,60,No Country for Old Men,2007,wiki,lead_section,8958462280678d76e4dfb17c91b238c45f33d73e,2489,2026-04-27T17:44:31.502323
DOC_000220,62,Jurassic Park,1993,wiki,plot_build_up,ef4dc5651fcdab6b951a1281e9af560f72443333,2489,2026-04-27T17:44:31.502323
DOC_000221,194,The King's Speech,2010,wiki,plot_build_up,2fb3d1c412d55588070f4849a5e0ea772588b836,2477,2026-04-27T17:44:31.502323
DOC_000222,316,Tangled,2010,wiki,plot_build_up,c70538682ba01d7a788ebe01fa7415e8e4e81f4c,2477,2026-04-27T17:44:31.502323
DOC_000223,1,The Shawshank Redemption,1994,wiki,plot_build_up,0dd3b4d39803bb023c62f60f3bd9e94401d8ff4a,2473,2026-04-27T17:44:31.502323
DOC_000224,194,The King's Speech,2010,wiki,lead_section,398cf90dc297b8e4dbca559ecc00202230a28321,2458,2026-04-27T17:44:31.502323
DOC_000225,58,Finding Nemo,2003,wiki,lead_section,73ac48bcf65ff567752150612ceca5b2599e3e8d,2451,2026-04-27T17:44:31.502323
DOC_000226,93,The Grand Budapest Hotel,2014,wiki,lead_section,c901c80ff38f705c3f0a37771ad81100cfa3fc46,2451,2026-04-27T17:44:31.502323
DOC_000227,97,Spirited Away,2003,wiki,plot_build_up,363b9deb89876f997fd0a2fbfc38a589a3b48abd,2433,2026-04-27T17:44:31.502323
DOC_000228,313,Dallas Buyers Club,2013,wiki,plot_build_up,3644326cc61d5d54fe43f60a6101b9135ff85e92,2426,2026-04-27T17:44:31.502323
DOC_000229,127,The Imitation Game,2014,wiki,production,4b102eec8149e675d1eb8654b19c785da8e68f84,2420,2026-04-27T17:44:31.502323
DOC_000230,254,Everything Everywhere All at Once,2022,wiki,lead_section,b4400e93c6d51d3bbb2f391bfc578025ff6444e8,2419,2026-04-27T17:44:31.502323
DOC_000231,64,Reservoir Dogs,1992,wiki,plot_build_up,294f24acfc5df1ebd3792461a026a2013b72aa6d,2411,2026-04-27T17:44:31.502323
DOC_000232,23,Saving Private Ryan,1998,wiki,plot_build_up,2fc5f8ea521bec1d6d1ea10abad11c946fb1bdf5,2407,2026-04-27T17:44:31.502323
DOC_000233,374,Tropic Thunder,2008,wiki,plot_build_up,b27ee8ad24583fad0e8cb9f1bbdf68a90e16ed0e,2399,2026-04-27T17:44:31.502323
DOC_000234,362,Wreck-It Ralph,2012,wiki,reception,cf6f4ab34113624e40d0ad230573daa40a5fa660,2396,2026-04-27T17:44:31.502323
DOC_000235,254,Everything Everywhere All at Once,2022,wiki,plot_build_up,513ea29b6b61c7fac8e41fe8d747da405a5e67b8,2395,2026-04-27T17:44:31.502323
DOC_000236,184,Pan's Labyrinth,2007,wiki,lead_section,ddbcfa40954c55342ed6feef5d8beaa9dcb1fc1d,2387,2026-04-27T17:44:31.502323
DOC_000237,125,Blade Runner,1982,wiki,lead_section,58a8a046bb7473858879632e10f8899ce2949afb,2382,2026-04-27T17:44:31.502323
DOC_000238,340,American Hustle,2013,wiki,reception,e4ef5aba3d57c56bee8234f76a15c85d795ea70f,2381,2026-04-27T17:44:31.502323
DOC_000239,15,Django Unchained,2012,wiki,lead_section,4c3c70c2299f80815d64c13185e31fa9eddef772,2376,2026-04-27T17:44:31.502323
DOC_000240,388,Midsommar,2019,wiki,plot_build_up,12dc1a002eeb792486fe3468e53c8f0b58227357,2373,2026-04-27T17:44:31.502323
DOC_000241,48,The Lion King,1994,wiki,plot_build_up,3fd7430bce58699931b62fda83a29f8dc91a2813,2363,2026-04-27T17:44:31.502323
DOC_000242,255,Blood Diamond,2006,wiki,plot_build_up,cb161e0e49fa2c87e4097f3c2b9da19ebca59aea,2342,2026-04-27T17:44:31.502323
DOC_000243,89,12 Angry Men,1957,wiki,plot_build_up,6c57fbb9debaf6881272614d7ed01a4a0039d596,2333,2026-04-27T17:44:31.502323
DOC_000244,203,There Will Be Blood,2007,wiki,plot_build_up,3966e4cb1bb26ef4c050cefa5daf11a482bd1336,2328,2026-04-27T17:44:31.502323
DOC_000245,25,Schindler's List,1994,wiki,lead_section,a1b938ee1ca8d4fb4ad4e6de8857f30e01078653,2326,2026-04-27T17:44:31.502323
DOC_000246,374,Tropic Thunder,2008,wiki,lead_section,f68964d7d895c2a84cb215d84cf438c5fe8b68b4,2325,2026-04-27T17:44:31.502323
DOC_000247,18,Inglourious Basterds,2009,wiki,lead_section,4bc2fa7a07dd144603921bc1ace0b8e0394ed28d,2321,2026-04-27T17:44:31.502323
DOC_000248,148,Life Is Beautiful,1997,wiki,production,2f9971c450090ec444d07a33b5f4e0fb69ca97ed,2319,2026-04-27T17:44:31.502323
DOC_000249,7,Pulp Fiction,1994,wiki,lead_section,71109c433a04b5907f38de65e6a33683d913e050,2318,2026-04-27T17:44:31.502323
DOC_000250,148,Life Is Beautiful,1997,wiki,plot_build_up,af6b1f14c5a4f32a6af9e0d9abe49f07f14baa1c,2314,2026-04-27T17:44:31.502323
DOC_000251,116,Donnie Darko,2001,wiki,lead_section,def405804622d3ba825b8ac0d41165fb50d361a4,2314,2026-04-27T17:44:31.502323
DOC_000252,8,The Matrix,1999,wiki,plot_build_up,26a561684f51e19d5686a126be25edae9cc646c3,2295,2026-04-27T17:44:31.502323
DOC_000253,312,Top Gun,1986,wiki,lead_section,110b3361ae2831510c6595f7ae660d3477d45575,2281,2026-04-27T17:44:31.502323
DOC_000254,212,Superbad,2007,wiki,plot_build_up,31c6bb477cd768791d0c20b79f8496a8db7295b6,2270,2026-04-27T17:44:31.502323
DOC_000255,306,The Butterfly Effect,2004,wiki,plot_build_up,b75ba6b8a0c506b76b9e14abd2ba7f4f7bd78f91,2267,2026-04-27T17:44:31.502323
DOC_000256,38,The Truman Show,1998,wiki,reception,9ef7aca2fd27424ba27b30222a4f0282c17bd55f,2250,2026-04-27T17:44:31.502323
DOC_000257,240,Dead Poets Society,1989,wiki,plot_build_up,6805870baa5c5d1b4a47c9149ef81c1045205859,2249,2026-04-27T17:44:31.502323
DOC_000258,215,The Notebook,2004,wiki,plot_build_up,a3c5d3e1c7763ed7a29bc9f9ce4f0a8754ec62d1,2242,2026-04-27T17:44:31.502323
DOC_000259,97,Spirited Away,2003,wiki,lead_section,91fa509d7ac10f43d4050309b2a986161c1d6816,2241,2026-04-27T17:44:31.502323
DOC_000260,384,Mean Girls,2004,wiki,plot_build_up,ae927e09a7d064ce5db101005a8319785484fab1,2235,2026-04-27T17:44:31.502323
DOC_000261,369,Citizen Kane,1941,wiki,plot_build_up,f462a1f4576f4016f1e1bae7e98ec1af065e578b,2229,2026-04-27T17:44:31.502323
DOC_000262,113,The Big Lebowski,1998,wiki,plot_build_up,7a3d6d006c3325473ad15de8dacaff0021a65054,2221,2026-04-27T17:44:31.502323
DOC_000263,354,The Last Samurai,2003,wiki,production,0ac8619b59e25c67690d09206dd7614658e3bb6e,2218,2026-04-27T17:44:31.502323
DOC_000264,37,GoodFellas,1990,wiki,lead_section,7315e1d30d064388b7d9db545b89e068a90d6126,2211,2026-04-27T17:44:31.502323
DOC_000265,9,The Godfather,1972,wiki,plot_build_up,c8dc5993281b7f1f61fe35000e14f022fc762bb9,2204,2026-04-27T17:44:31.502323
DOC_000266,167,Skyfall,2012,wiki,lead_section,ffe0c085ad7ecaa0fa03eb015d52617d8f405d07,2189,2026-04-27T17:44:31.502323
DOC_000267,361,The Exorcist,1973,wiki,plot_build_up,40bf61100dbe38eca8e96a96e60e8a68307358a5,2184,2026-04-27T17:44:31.502323
DOC_000268,46,American Beauty,1999,imdb,imdb_synopsis,67141c274cfb01e96171d6cdcbf905ab0958a30d,2183,2026-04-27T17:44:31.502323
DOC_000269,216,Rocky,1976,wiki,lead_section,f943e131a9195fd0197358cd319b1172bc8b586a,2175,2026-04-27T17:44:31.502323
DOC_000270,107,The Hangover,2009,wiki,plot_build_up,690b195f71a23cb4f56fc65d057b5152e42bbee7,2171,2026-04-27T17:44:31.502323
DOC_000271,3,Inception,2010,wiki,lead_section,02238eacd6c24b2f2ff7db53af309896b92f150c,2163,2026-04-27T17:44:31.502323
DOC_000272,56,Good Will Hunting,1998,wiki,plot_build_up,3ee28b9deeb8b6347b50d27b018c5163dd7ca8ee,2152,2026-04-27T17:44:31.502323
DOC_000273,321,The Big Short,2015,imdb,imdb_synopsis,e8145bd6beea70b879764aecf0202c15f561cf42,2144,2026-04-27T17:44:31.502323
DOC_000274,19,The Silence of the Lambs,1991,imdb,imdb_synopsis,b46ef7bdfb7def813ba0cb1883b07cf4bbb5daae,2142,2026-04-27T17:44:31.502323
DOC_000275,386,In Time,2011,wiki,reception,612899325d25163ae6bd2659eb62b2d335465974,2136,2026-04-27T17:44:31.502323
DOC_000276,220,Baby Driver,2017,wiki,lead_section,6c2cd61d4cb68586e49f0945e91400f25073338b,2133,2026-04-27T17:44:31.502323
DOC_000277,66,Parasite,2019,imdb,imdb_synopsis,1e0ce5d2b5e8abb7cdbd8e1df6e0c88a00d4c3c9,2128,2026-04-27T17:44:31.502323
DOC_000278,354,The Last Samurai,2003,wiki,reception,7a01794b591479023e3c76d925819e1dfb6e3ab1,2123,2026-04-27T17:44:31.502323
DOC_000279,165,Silver Linings Playbook,2012,wiki,plot_build_up,b1de6f7b8b1b39c1be8dd271c3ee82dd3c2ed2fb,2121,2026-04-27T17:44:31.502323
DOC_000280,374,Tropic Thunder,2008,imdb,imdb_synopsis,1065c0228f4bd28367f80277b096ab8615c82048,2118,2026-04-27T17:44:31.502323
DOC_000281,254,Everything Everywhere All at Once,2022,wiki,reception,79da816ed91ea676ce5d799dcd3c9019b3aaa556,2115,2026-04-27T17:44:31.502323
DOC_000282,377,Jojo Rabbit,2019,wiki,lead_section,722b6cb0a2978b3250a04cdb5c04eadabd90d951,2111,2026-04-27T17:44:31.502323
DOC_000283,38,The Truman Show,1998,wiki,lead_section,2ef60dbe77beb234c791322d9ee5e5163d251414,2110,2026-04-27T17:44:31.502323
DOC_000284,129,Knives Out,2019,wiki,lead_section,04c157e5b09d4eaec6b2c30ca4d2b0c3e7af0b8e,2106,2026-04-27T17:44:31.502323
DOC_000285,178,La La Land,2016,wiki,reception,1dccd39a5fcb4fe006a65d14fc0f5455351c6a3a,2102,2026-04-27T17:44:31.502323
DOC_000286,364,The Hurt Locker,2009,wiki,plot_build_up,fda485e02e3edaade55f17beab6b9104ee8688a6,2100,2026-04-27T17:44:31.502323
DOC_000287,377,Jojo Rabbit,2019,wiki,plot_build_up,95ec30140cea145433a30bfad35411c6bb7c5613,2100,2026-04-27T17:44:31.502323
DOC_000288,47,American History X,1998,wiki,lead_section,300472a3e158c5d9307eb14b1db548d3032a7dd9,2087,2026-04-27T17:44:31.502323
DOC_000289,6,Forrest Gump,1994,wiki,lead_section,8293dd99fc0956464b231964f953859d3456df85,2077,2026-04-27T17:44:31.502323
DOC_000290,29,The Departed,2006,wiki,plot_build_up,545b34c1980f14d506c4b3812b1ffc037772a895,2075,2026-04-27T17:44:31.502323
DOC_000291,93,The Grand Budapest Hotel,2014,wiki,plot_build_up,d25502009499cfe333e5791b17b42fd9d1245b00,2074,2026-04-27T17:44:31.502323
DOC_000292,50,V for Vendetta,2006,wiki,lead_section,9dfd3ca902420f4780a6fa7fcdc1906603e45310,2062,2026-04-27T17:44:31.502323
DOC_000293,206,Life of Pi,2012,wiki,plot_ending,a03352d46494f651ebb14fb43c17299570ae53db,2060,2026-04-27T17:44:31.502323
DOC_000294,305,Little Miss Sunshine,2006,wiki,plot_build_up,4892c427c495aa06015a8b6ba0f0690e59ca0da6,2041,2026-04-27T17:44:31.502323
DOC_000295,37,GoodFellas,1990,wiki,plot_build_up,4120813b08d4647d2add7abc9da3c0e457313461,2040,2026-04-27T17:44:31.502323
DOC_000296,316,Tangled,2010,wiki,lead_section,218cca80dac0d74a5619115d9de381b49d188a74,2038,2026-04-27T17:44:31.502323
DOC_000297,25,Schindler's List,1994,wiki,plot_build_up,00be5d3805b8bb905a5cc232170737d1880a896f,2036,2026-04-27T17:44:31.502323
DOC_000298,370,In Bruges,2008,wiki,plot_ending,b33b0d67974d672d9114878bfbd0d3255bfb5b36,2032,2026-04-27T17:44:31.502323
DOC_000299,238,A Quiet Place,2018,wiki,plot_build_up,5798aec62d24eccfea1d8fc13cdba90a883865f0,2030,2026-04-27T17:44:31.502323
DOC_000300,314,28 Days Later,2002,wiki,lead_section,d9a648f8d05a19cd3ae1fc5ec9ea5542785e3002,2029,2026-04-27T17:44:31.502323
DOC_000301,203,There Will Be Blood,2007,wiki,lead_section,5bcefe391e1854e88f2047e4c007cf2f2415f783,2023,2026-04-27T17:44:31.502323
DOC_000302,160,2001: A Space Odyssey,1968,wiki,plot_build_up,479de5bd41001be7b14aaa199381c71edddde959,2008,2026-04-27T17:44:31.502323
DOC_000303,360,Aladdin,1992,wiki,plot_build_up,8e5f922e05b266f56d4d4450e1f7fd7579f7bc44,2001,2026-04-27T17:44:31.502323
DOC_000304,251,Zootopia,2016,wiki,plot_build_up,a7ed466a016e84598bdf705ad7df4d20be538fa3,1999,2026-04-27T17:44:31.502323
DOC_000305,52,Catch Me If You Can,2002,wiki,plot_build_up,fb52cf270fda8331a230059b36296ac6bb219def,1994,2026-04-27T17:44:31.502323
DOC_000306,340,American Hustle,2013,wiki,plot_build_up,1f15add50f30e8913ef0c7a71e7b877d5b2fb738,1993,2026-04-27T17:44:31.502323
DOC_000307,139,Amélie,2002,wiki,plot_build_up,b9518a57b6c45fcab1377a777cdeb7e2bcb62703,1985,2026-04-27T17:44:31.502323
DOC_000308,80,Taxi Driver,1976,wiki,lead_section,a62e4a8c6fd8f09de4c33aaca9e3c4612537d58e,1984,2026-04-27T17:44:31.502323
DOC_000309,116,Donnie Darko,2001,wiki,reception,518ecab4ba2f0ba250f6ace2f596295f9ef6b768,1983,2026-04-27T17:44:31.502323
DOC_000310,212,Superbad,2007,wiki,production,d61a1d41b2357f9e82b3ea8768bde95fc50e7935,1978,2026-04-27T17:44:31.502323
DOC_000311,317,The Fifth Element,1997,wiki,plot_build_up,dc92c598cb9ea8360ff01877a8c90d3693cae8b3,1966,2026-04-27T17:44:31.502323
DOC_000312,114,Inside Out,2015,wiki,plot_build_up,4fd1eaec81e5643dd39c0e9930c060b39e7bbe24,1965,2026-04-27T17:44:31.502323
DOC_000313,376,Free Guy,2021,wiki,plot_build_up,0214e5f092a3bf89f8836b6b1f58166226ee9c40,1962,2026-04-27T17:44:31.502323
DOC_000314,220,Baby Driver,2017,wiki,plot_build_up,ac8fc23656a09ff7a8f8f16ecd42d837087b533a,1959,2026-04-27T17:44:31.502323
DOC_000315,91,Requiem for a Dream,2000,wiki,lead_section,88e57877f7f3ef7b85126fccc1065a0afcb2fe1c,1949,2026-04-27T17:44:31.502323
DOC_000316,125,Blade Runner,1982,wiki,plot_build_up,c6115fa2e47662953e93fb19f603cfdd2081f0b0,1943,2026-04-27T17:44:31.502323
DOC_000317,214,Cast Away,2000,imdb,imdb_synopsis,ab620390c529a6a6a69b94a5a78826b49c1faeb7,1927,2026-04-27T17:44:31.502323
DOC_000318,248,Shaun of the Dead,2004,wiki,plot_build_up,f9e60f9d492843faebbfb59279b825b07193d2a4,1923,2026-04-27T17:44:31.502323
DOC_000319,107,The Hangover,2009,wiki,lead_section,4b46f20cc9e7aac584f3461ece89a85f38d00266,1904,2026-04-27T17:44:31.502323
DOC_000320,117,Slumdog Millionaire,2008,wiki,lead_section,c7129105bb4b1a223f5e72994aa280b0806909d8,1893,2026-04-27T17:44:31.502323
DOC_000321,238,A Quiet Place,2018,wiki,lead_section,abec68b88e3b25480a68b0e97d743d73f1d1f316,1889,2026-04-27T17:44:31.502323
DOC_000322,216,Rocky,1976,wiki,plot_build_up,b5d500ad2b44d61e03a5b347aab5199080fe3c6d,1870,2026-04-27T17:44:31.502323
DOC_000323,149,Shrek,2001,wiki,plot_ending,4c25da9ccd18e95de3eaa95b9202f2e7f827928a,1869,2026-04-27T17:44:31.502323
DOC_000324,51,The Usual Suspects,1995,wiki,plot_ending,bbda230a90edf16bfadc235f6b7549f0b0a4709b,1864,2026-04-27T17:44:31.502323
DOC_000325,114,Inside Out,2015,wiki,lead_section,6b8f076ede23769f356148df0d53a11fa2330df1,1862,2026-04-27T17:44:31.502323
DOC_000326,3,Inception,2010,wiki,plot_build_up,f3a0d8141faf159f5694495e84d492f5b12d9c18,1861,2026-04-27T17:44:31.502323
DOC_000327,116,Donnie Darko,2001,wiki,plot_ending,bacdcde0a297c664b39d6d2991f61e252a4a123e,1851,2026-04-27T17:44:31.502323
DOC_000328,116,Donnie Darko,2001,wiki,plot_build_up,0910450c1407039e9e71d74d1e8a13e90aeeeddc,1836,2026-04-27T17:44:31.502323
DOC_000329,370,In Bruges,2008,wiki,plot_build_up,b2cd2c5e199aa6584359cab7aff5532763c49cb1,1820,2026-04-27T17:44:31.502323
DOC_000330,305,Little Miss Sunshine,2006,wiki,lead_section,2f68d52787eb67c49613d240534511b878661a97,1816,2026-04-27T17:44:31.502323
DOC_000331,70,The Sixth Sense,1999,wiki,plot_build_up,6b43141d01c5633ee1eacc3a6a3576cb9e2dabb1,1802,2026-04-27T17:44:31.502323
DOC_000332,376,Free Guy,2021,wiki,plot_ending,2c176a681a8245c17386e70a164b256b4fc22e15,1800,2026-04-27T17:44:31.502323
DOC_000333,4,Fight Club,1999,wiki,lead_section,eb364f056e09c62fa10a0d6503f6e3685747236b,1782,2026-04-27T17:44:31.502323
DOC_000334,117,Slumdog Millionaire,2008,wiki,plot_build_up,95ee6a9ffcc641764bb4366866b29bfb96a3ddc6,1774,2026-04-27T17:44:31.502323
DOC_000335,91,Requiem for a Dream,2000,wiki,plot_ending,5d7d508463dc764517caf4bf334eee9bf285fbcd,1762,2026-04-27T17:44:31.502323
DOC_000336,238,A Quiet Place,2018,wiki,plot_ending,4a26a09d72a11dd03bbb4d2cf35fc688158bd5d2,1761,2026-04-27T17:44:31.502323
DOC_000337,256,The Conjuring,2013,wiki,plot_build_up,410dc1065345045981239db4307c907b3eae4c77,1749,2026-04-27T17:44:31.502323
DOC_000338,255,Blood Diamond,2006,wiki,lead_section,c01f4b0229513aabd9b3285f4102339b41890035,1746,2026-04-27T17:44:31.502323
DOC_000339,382,The Princess Bride,1987,imdb,imdb_synopsis,6327f5cbd427c3616389433719efff81037ccf1b,1739,2026-04-27T17:44:31.502323
DOC_000340,188,Home Alone,1990,wiki,plot_build_up,368bcd242e54c693f49b9ae548bec297a0371bc3,1738,2026-04-27T17:44:31.502323
DOC_000341,113,The Big Lebowski,1998,wiki,plot_ending,3180eb694ae05cceea1bd2f333b00cc6c2a05251,1736,2026-04-27T17:44:31.502323
DOC_000342,125,Blade Runner,1982,imdb,imdb_synopsis,7bb012215e00e5c7dacd055036db6c2f9074e1eb,1731,2026-04-27T17:44:31.502323
DOC_000343,50,V for Vendetta,2006,wiki,plot_ending,d0de6e9df8b0dbea4462b5f9a057f9a5c2152370,1730,2026-04-27T17:44:31.502323
DOC_000344,107,The Hangover,2009,imdb,imdb_synopsis,133f19de80846d28860072fa7be58ab2095415a8,1729,2026-04-27T17:44:31.502323
DOC_000345,43,WALL·E,2008,imdb,imdb_synopsis,ce5e9a54e7a44d0dc85bf9646797afdd9b544633,1718,2026-04-27T17:44:31.502323
DOC_000346,322,Sicario,2015,imdb,imdb_synopsis,6d278279af312e9cc3056fcf2538a89e38d8983e,1705,2026-04-27T17:44:31.502323
DOC_000347,229,Barbie,2023,imdb,imdb_synopsis,b14d636ef8eca8a30283c87daae912dab29625ab,1682,2026-04-27T17:44:31.502323
DOC_000348,376,Free Guy,2021,wiki,lead_section,7d42f437ff88f6714fc3603f5eda7eabe0594050,1654,2026-04-27T17:44:31.502323
DOC_000349,340,American Hustle,2013,wiki,lead_section,ba8c44bca61e94d4aa7ec47696cadd498d28bea3,1649,2026-04-27T17:44:31.502323
DOC_000350,188,Home Alone,1990,wiki,lead_section,5aad599f3dea96bfa215299fb5f8515b5d21fa45,1648,2026-04-27T17:44:31.502323
DOC_000351,231,Zombieland,2009,wiki,lead_section,91c6510e186ab1b9dc5c3c759d2f82b65e280f75,1643,2026-04-27T17:44:31.502323
DOC_000352,70,The Sixth Sense,1999,wiki,reception,a637af6d018976a8b5274013c1926f50adb74350,1640,2026-04-27T17:44:31.502323
DOC_000353,137,Full Metal Jacket,1987,wiki,lead_section,2e5976d9070e652c72c2f2d23c75188af61b0951,1635,2026-04-27T17:44:31.502323
DOC_000354,78,Die Hard,1988,wiki,plot_build_up,a1d7f56448273bae4a463bcb9f03226439d81d2b,1632,2026-04-27T17:44:31.502323
DOC_000355,38,The Truman Show,1998,wiki,plot_ending,5d65e80ed2461c181a0de7a9de7fcdbbe276203c,1626,2026-04-27T17:44:31.502323
DOC_000356,362,Wreck-It Ralph,2012,wiki,lead_section,b0512e68a53745c39ffa8349a031fd38d76bf4ab,1618,2026-04-27T17:44:31.502323
DOC_000357,369,Citizen Kane,1941,wiki,plot_ending,f7e38a6469b42c31d174f44324a8a8a6d829eb0e,1608,2026-04-27T17:44:31.502323
DOC_000358,147,Get Out,2017,wiki,lead_section,1534c9e318629a9aa540fc4820f4a1eb8278a256,1602,2026-04-27T17:44:31.502323
DOC_000359,248,Shaun of the Dead,2004,wiki,lead_section,a1c69747459455b3c32acfe32ee45059ca1ec725,1600,2026-04-27T17:44:31.502323
DOC_000360,381,Ghostbusters,1984,wiki,plot_build_up,6d8a2355c96b9d682ab10e8628642818e8fabf28,1586,2026-04-27T17:44:31.502323
DOC_000361,343,Training Day,2001,wiki,plot_ending,daee6c041640043fbc10a79a0d0fb97c9dd39a28,1582,2026-04-27T17:44:31.502323
DOC_000362,135,Gran Torino,2008,wiki,plot_build_up,8c499a433324cede1f4f5675c96a29c75d4c4330,1580,2026-04-27T17:44:31.502323
DOC_000363,149,Shrek,2001,wiki,plot_build_up,ccdc7f9951ae715cc2296c3331440f02973c9de0,1580,2026-04-27T17:44:31.502323
DOC_000364,165,Silver Linings Playbook,2012,imdb,imdb_synopsis,c1b56757bc51861463ee46c7fbb7b528d1acb231,1577,2026-04-27T17:44:31.502323
DOC_000365,137,Full Metal Jacket,1987,wiki,plot_build_up,e1f75184df971b9b66ddfca77b60194f5c21eb5f,1573,2026-04-27T17:44:31.502323
DOC_000366,174,Million Dollar Baby,2005,wiki,plot_build_up,ef48e0d6e42c7249cdc3116e503845f2b31866e7,1571,2026-04-27T17:44:31.502323
DOC_000367,388,Midsommar,2019,wiki,plot_ending,eda480279fc32f42720e710a8afccc5d2223ada6,1569,2026-04-27T17:44:31.502323
DOC_000368,3,Inception,2010,wiki,plot_ending,b54ad747d8c7783516f3615b86b67d44a46ac69a,1556,2026-04-27T17:44:31.502323
DOC_000369,165,Silver Linings Playbook,2012,wiki,plot_ending,45fc4f843a4c31b0f6cdc3d310006f8c0c5c1b9c,1543,2026-04-27T17:44:31.502323
DOC_000370,29,The Departed,2006,wiki,lead_section,813c863bf8ee47f1ba74a65d5739911488e0f3d4,1535,2026-04-27T17:44:31.502323
DOC_000371,89,12 Angry Men,1957,wiki,reception,5f74bd08c7724741cc67b4d0c159b3e9e6453b7e,1523,2026-04-27T17:44:31.502323
DOC_000372,165,Silver Linings Playbook,2012,wiki,lead_section,b39f0bcc95aca29eee9a08caa74cbd9fcfc28083,1516,2026-04-27T17:44:31.502323
DOC_000373,206,Life of Pi,2012,wiki,lead_section,62537b1d255948ef962eaa405e83a26af08cb29b,1512,2026-04-27T17:44:31.502323
DOC_000374,306,The Butterfly Effect,2004,wiki,lead_section,0b4e6a1cd1eefde2b3798b267ca5f396f120bce2,1512,2026-04-27T17:44:31.502323
DOC_000375,127,The Imitation Game,2014,wiki,lead_section,455df4289fc945cd5dc843713d8aea90324be5ff,1509,2026-04-27T17:44:31.502323
DOC_000376,381,Ghostbusters,1984,wiki,plot_ending,b8bf614ae79982c784dc1eec76bb76ef866738a8,1504,2026-04-27T17:44:31.502323
DOC_000377,61,Eternal Sunshine of the Spotless Mind,2004,wiki,lead_section,f333e25045e7a3c2ddc69464bb78bf96dd3487eb,1496,2026-04-27T17:44:31.502323
DOC_000378,354,The Last Samurai,2003,wiki,lead_section,81079e844c886d68f01ca674646ff8ac15d7384a,1487,2026-04-27T17:44:31.502323
DOC_000379,67,Braveheart,1995,wiki,lead_section,e4c472834b51862087a25c48b9eacc7b3fa78b22,1482,2026-04-27T17:44:31.502323
DOC_000380,18,Inglourious Basterds,2009,wiki,plot_ending,978989a7264f1e34d78b30ae8411f931210a49ea,1479,2026-04-27T17:44:31.502323
DOC_000381,151,Edge of Tomorrow,2014,wiki,lead_section,ea70fff68823a77f300446bc5a8a3581a1da0ad8,1476,2026-04-27T17:44:31.502323
DOC_000382,69,Whiplash,2014,imdb,imdb_synopsis,774d42249373560e92d53e9225287a8ef3b3b354,1475,2026-04-27T17:44:31.502323
DOC_000383,113,The Big Lebowski,1998,wiki,lead_section,601c66b2b0c2bfe73c3d9771789d83a7bc75fcc1,1462,2026-04-27T17:44:31.502323
DOC_000384,51,The Usual Suspects,1995,wiki,lead_section,cb2e5998e3892223d10639b25f128edc76997d3a,1452,2026-04-27T17:44:31.502323
DOC_000385,67,Braveheart,1995,wiki,plot_build_up,9210b281bbc92d826315614f0c41564d80686d9d,1450,2026-04-27T17:44:31.502323
DOC_000386,374,Tropic Thunder,2008,wiki,plot_ending,1944c3b95bc3e1e8a37b717ccc0b870e56761e82,1449,2026-04-27T17:44:31.502323
DOC_000387,370,In Bruges,2008,wiki,lead_section,3040779206f97462c3222134611fb8f674215806,1439,2026-04-27T17:44:31.502323
DOC_000388,125,Blade Runner,1982,wiki,plot_ending,78e690cdc670dde10e3c0d7338795a70ee9f9a82,1436,2026-04-27T17:44:31.502323
DOC_000389,384,Mean Girls,2004,wiki,plot_ending,1819a9e5f2b14a0002d794f3982f0b85613a4c73,1435,2026-04-27T17:44:31.502323
DOC_000390,217,Tenet,2020,wiki,lead_section,e198a1d9d12e67249dd8863698d55473a1cd6ea7,1434,2026-04-27T17:44:31.502323
DOC_000391,117,Slumdog Millionaire,2008,wiki,plot_ending,8ac895af5ee65d28c647819cac96770d97fe26b4,1419,2026-04-27T17:44:31.502323
DOC_000392,78,Die Hard,1988,wiki,plot_ending,e395a8cab77ab4723134b30dfa8ba1dcfd996675,1418,2026-04-27T17:44:31.502323
DOC_000393,352,Gangs of New York,2002,wiki,lead_section,52c0ab58db8501c2cc3ab4d14cf63a2201fcf5f5,1412,2026-04-27T17:44:31.502323
DOC_000394,215,The Notebook,2004,wiki,lead_section,9e218a5e547dc4f927c6386272519d6667e395cb,1412,2026-04-27T17:44:31.502323
DOC_000395,255,Blood Diamond,2006,wiki,production,7a727599c78dd635f66f20cf9dde38395615221b,1411,2026-04-27T17:44:31.502323
DOC_000396,38,The Truman Show,1998,wiki,plot_build_up,ea2f7bd04d0b46c58e90050bc51c6be3f213420e,1399,2026-04-27T17:44:31.502323
DOC_000397,328,Lost in Translation,2003,imdb,imdb_synopsis,893490f65e6087d87933d7e845b29d00e9b79667,1395,2026-04-27T17:44:31.502323
DOC_000398,140,American Psycho,2000,wiki,plot_setup,1776c5d7f71d2cd59092d0a85c307a4c8779b91d,1368,2026-04-27T17:44:31.502323
DOC_000399,251,Zootopia,2016,wiki,lead_section,3d8221e7f54e0e5c3292d49f6512aa292e530525,1359,2026-04-27T17:44:31.502323
DOC_000400,89,12 Angry Men,1957,wiki,lead_section,119c2595a38f91b13f15b668a723a3db23a13302,1343,2026-04-27T17:44:31.502323
DOC_000401,361,The Exorcist,1973,wiki,plot_ending,916212255b43a2db36f8f97d1df01db08b3bf965,1334,2026-04-27T17:44:31.502323
DOC_000402,56,Good Will Hunting,1998,wiki,lead_section,9bdb079526f6112fa1dd2f776be5950a274dc5e3,1330,2026-04-27T17:44:31.502323
DOC_000403,340,American Hustle,2013,wiki,production,78bf0e114baa5323e774ab277f30ead97cd5d72b,1326,2026-04-27T17:44:31.502323
DOC_000404,316,Tangled,2010,wiki,plot_ending,d1f22b15b7d5611d6014cfb8e251531508b57c3a,1324,2026-04-27T17:44:31.502323
DOC_000405,139,Amélie,2002,wiki,plot_ending,34e88fd15637aff24fc1a74db7c0157281f653a1,1315,2026-04-27T17:44:31.502323
DOC_000406,52,Catch Me If You Can,2002,wiki,lead_section,835d7da385a80cfc0095907c7ffbcc776125d008,1315,2026-04-27T17:44:31.502323
DOC_000407,114,Inside Out,2015,wiki,plot_ending,c5ec05701c1e8ce9c0025388b4172c7b59a5bb29,1315,2026-04-27T17:44:31.502323
DOC_000408,364,The Hurt Locker,2009,wiki,lead_section,ceeb06e9c5f13079cd17635c7f63ef8fc6ca79e7,1311,2026-04-27T17:44:31.502323
DOC_000409,354,The Last Samurai,2003,wiki,plot_ending,6eb6454e2492e7062e46cd17a643c48540e34dbe,1304,2026-04-27T17:44:31.502323
DOC_000410,254,Everything Everywhere All at Once,2022,wiki,plot_ending,c2121933136144d4818ecc185478a4828e25ad04,1297,2026-04-27T17:44:31.502323
DOC_000411,217,Tenet,2020,wiki,plot_ending,8b438473d6f13ef0599fc1d99bb71eca07871b4b,1296,2026-04-27T17:44:31.502323
DOC_000412,214,Cast Away,2000,wiki,plot_ending,b87937c7ce5cf36dfcd4a2547c9229280845ce3f,1293,2026-04-27T17:44:31.502323
DOC_000413,370,In Bruges,2008,imdb,imdb_synopsis,125b5d710ccff3dc99bf7e412de9f21b708a12d3,1288,2026-04-27T17:44:31.502323
DOC_000414,25,Schindler's List,1994,wiki,plot_ending,2f41265b0444ddd9bae6bb64a58304cc41879d64,1285,2026-04-27T17:44:31.502323
DOC_000415,117,Slumdog Millionaire,2008,imdb,imdb_synopsis,93efddab5fd3b6dd7d60ee268028c6c6451912b1,1283,2026-04-27T17:44:31.502323
DOC_000416,340,American Hustle,2013,wiki,plot_ending,3bfd39e41a2dd38960047d4916fccda525fba5d4,1278,2026-04-27T17:44:31.502323
DOC_000417,313,Dallas Buyers Club,2013,wiki,plot_ending,36671a2a1d9cf9973677013872dcc7d99347adef,1272,2026-04-27T17:44:31.502323
DOC_000418,182,District 9,2009,wiki,plot_ending,bde8450e2b538d1f294da4daf6be0e7049c2e0c9,1267,2026-04-27T17:44:31.502323
DOC_000419,343,Training Day,2001,wiki,lead_section,430037f6ca1eb9adf58154611c6985cea5f6612e,1260,2026-04-27T17:44:31.502323
DOC_000420,251,Zootopia,2016,wiki,plot_ending,9a7c9b969e8e197babd08671b1d0149c4049afe5,1254,2026-04-27T17:44:31.502323
DOC_000421,24,The Prestige,2006,wiki,lead_section,18397807e564421821e4b86b8f8f025902fdba50,1253,2026-04-27T17:44:31.502323
DOC_000422,389,3 Idiots,2009,wiki,plot_ending,977cb2f1a632886f2f2fc81a592bf7c24a911693,1243,2026-04-27T17:44:31.502323
DOC_000423,137,Full Metal Jacket,1987,wiki,plot_ending,80c2294fd916f2c796d0da78dc0933b72fb41688,1242,2026-04-27T17:44:31.502323
DOC_000424,306,The Butterfly Effect,2004,wiki,plot_ending,9eeb0a1aabbb12e3b34b348aeeaa2bf8240fa42e,1239,2026-04-27T17:44:31.502323
DOC_000425,79,The Intouchables,2011,wiki,lead_section,00147a8e0d22378258ea02a6f70e04914bced749,1237,2026-04-27T17:44:31.502323
DOC_000426,174,Million Dollar Baby,2005,wiki,plot_ending,c3604404dea92f5a680fa7692bb444ba1d513541,1234,2026-04-27T17:44:31.502323
DOC_000427,63,Toy Story,1995,wiki,plot_build_up,7a2a2aa10eeb3f3c1f6b46e9ba39d09b3fd2026b,1233,2026-04-27T17:44:31.502323
DOC_000428,216,Rocky,1976,wiki,plot_ending,a7beac7096665cc34a2c6f65615b1d15bb59245f,1223,2026-04-27T17:44:31.502323
DOC_000429,231,Zombieland,2009,wiki,plot_build_up,6eb5540e6f29a353916044d36afa34fd0eeace96,1220,2026-04-27T17:44:31.502323
DOC_000430,4,Fight Club,1999,wiki,plot_ending,d7507b1e512e24cb920c122fcc64e14f5b472b43,1220,2026-04-27T17:44:31.502323
DOC_000431,91,Requiem for a Dream,2000,wiki,plot_build_up,b4fc7137a01202c68b09d7f771c94cccf458c2c1,1216,2026-04-27T17:44:31.502323
DOC_000432,248,Shaun of the Dead,2004,wiki,plot_ending,4c39bf864b05105c922fe281bfde1d3f10002530,1199,2026-04-27T17:44:31.502323
DOC_000433,89,12 Angry Men,1957,wiki,plot_ending,76e0a78b21fab973b6016e6cbbd93ca97d4923c8,1180,2026-04-27T17:44:31.502323
DOC_000434,147,Get Out,2017,wiki,plot_ending,5ddc505c49191fbf60c8324b9f20e87673306e6a,1163,2026-04-27T17:44:31.502323
DOC_000435,377,Jojo Rabbit,2019,wiki,plot_ending,5d9962e00cac30219201fd57cd4778143342c83e,1161,2026-04-27T17:44:31.502323
DOC_000436,256,The Conjuring,2013,wiki,lead_section,5d8eee141b6c0fa262cdc180005ae55f91fe189d,1156,2026-04-27T17:44:31.502323
DOC_000437,386,In Time,2011,wiki,plot_ending,8299aa227f52bae4afc12652735c4f6ec7fbc41c,1152,2026-04-27T17:44:31.502323
DOC_000438,242,Limitless,2011,imdb,imdb_synopsis,fd7b9e833899a10168eb80ad4fba19fe5d0fd1a9,1147,2026-04-27T17:44:31.502323
DOC_000439,47,American History X,1998,wiki,plot_ending,e5fffc1aec46efd9e82127ef86696965e55d2f78,1143,2026-04-27T17:44:31.502323
DOC_000440,215,The Notebook,2004,wiki,plot_ending,e82c5759b31c5b7133efced462e52a47bedcf902,1143,2026-04-27T17:44:31.502323
DOC_000441,79,The Intouchables,2011,wiki,plot_ending,372e2d3638975d6775220f2b2e4834908dc3ef84,1140,2026-04-27T17:44:31.502323
DOC_000442,254,Everything Everywhere All at Once,2022,wiki,plot_setup,b287b1204a731a12328ff29c39e8ab53f02da8e5,1133,2026-04-27T17:44:31.502323
DOC_000443,188,Home Alone,1990,wiki,plot_ending,d8cf8b82e312860450435e0f2379abdb0d4a700b,1127,2026-04-27T17:44:31.502323
DOC_000444,61,Eternal Sunshine of the Spotless Mind,2004,wiki,plot_ending,e040d4a687ab05972e77a83385f737fdbee45454,1127,2026-04-27T17:44:31.502323
DOC_000445,203,There Will Be Blood,2007,wiki,plot_ending,a141c1855c9d6a501f91f5b59afe3b9711fc198c,1119,2026-04-27T17:44:31.502323
DOC_000446,135,Gran Torino,2008,wiki,lead_section,497dec4ed416a5a132414d234e8f84ec378b5f6e,1119,2026-04-27T17:44:31.502323
DOC_000447,1,The Shawshank Redemption,1994,wiki,plot_ending,c2f81258017bceff114f90775ab50f6203ef7f10,1118,2026-04-27T17:44:31.502323
DOC_000448,107,The Hangover,2009,wiki,plot_ending,9d3848d3a0b7352daa2655406fee3cd24b4ec17e,1118,2026-04-27T17:44:31.502323
DOC_000449,52,Catch Me If You Can,2002,wiki,plot_ending,d4a74731358108b09fe2185aa83e97cca8248242,1116,2026-04-27T17:44:31.502323
DOC_000450,37,GoodFellas,1990,wiki,plot_ending,399ca29e05a1c85a0f63190bc3201b418d775bf3,1111,2026-04-27T17:44:31.502323
DOC_000451,135,Gran Torino,2008,wiki,plot_ending,4e799a56278a1840dc0b925de82b7811296e5c32,1108,2026-04-27T17:44:31.502323
DOC_000452,15,Django Unchained,2012,wiki,plot_ending,f19c5201143a605800876100d2f1f248b65ed799,1103,2026-04-27T17:44:31.502323
DOC_000453,146,The Social Network,2010,wiki,plot_ending,63da2ef33a23d784d99fcc81d915814980cbc5f7,1100,2026-04-27T17:44:31.502323
DOC_000454,354,The Last Samurai,2003,imdb,imdb_synopsis,87472e342feeb0f26bb7c22a2818fb602f1ffd85,1098,2026-04-27T17:44:31.502323
DOC_000455,9,The Godfather,1972,wiki,plot_ending,73485efe08948763a810fd02d35e573042aed431,1097,2026-04-27T17:44:31.502323
DOC_000456,255,Blood Diamond,2006,wiki,plot_ending,b62a094303b36741698f6b17793506c51c768d89,1095,2026-04-27T17:44:31.502323
DOC_000457,203,There Will Be Blood,2007,imdb,imdb_synopsis,c29ce46bd0a59c466d9948686fd31ff7e7bfa2b6,1076,2026-04-27T17:44:31.502323
DOC_000458,240,Dead Poets Society,1989,wiki,lead_section,fecf613027844ed66066f44cc2d2440fd25b9b0f,1070,2026-04-27T17:44:31.502323
DOC_000459,139,Amélie,2002,wiki,production,3649ca93f177170133379185100e52b1792270fd,1066,2026-04-27T17:44:31.502323
DOC_000460,140,American Psycho,2000,imdb,imdb_synopsis,f6ea10ab5cbab250838a82ba1d0921224be203c2,1065,2026-04-27T17:44:31.502323
DOC_000461,170,Apocalypse Now,1979,imdb,imdb_synopsis,0dcfb7222c2f7ae93681235b02a4736c26bdd2e3,1064,2026-04-27T17:44:31.502323
DOC_000462,317,The Fifth Element,1997,wiki,plot_ending,76e613d0b986f3475557ea5dd05fe9bd44dc5e72,1064,2026-04-27T17:44:31.502323
DOC_000463,24,The Prestige,2006,wiki,plot_ending,30d1e8c5a7cd73f8ec6bad630a1cf1341759d079,1062,2026-04-27T17:44:31.502323
DOC_000464,23,Saving Private Ryan,1998,wiki,plot_ending,54c3c568ce640973651589123d50c60645350536,1062,2026-04-27T17:44:31.502323
DOC_000465,29,The Departed,2006,wiki,plot_ending,069d746f333edef99c3d0e95f3c903d902c87ad3,1059,2026-04-27T17:44:31.502323
DOC_000466,22,Shutter Island,2010,wiki,lead_section,60a38d160678c1777c43e05792ed017e7fba28a6,1054,2026-04-27T17:44:31.502323
DOC_000467,93,The Grand Budapest Hotel,2014,wiki,plot_ending,500b935826c274fc28a0e4c3d7ff18e2327fb16b,1047,2026-04-27T17:44:31.502323
DOC_000468,140,American Psycho,2000,wiki,lead_section,3763c2d60f81d86a8996ea1929431dea106b24ea,1043,2026-04-27T17:44:31.502323
DOC_000469,67,Braveheart,1995,wiki,plot_setup,cafb7b2a8dc6830fd82b3906fa17e16a88bc27ea,1043,2026-04-27T17:44:31.502323
DOC_000470,374,Tropic Thunder,2008,wiki,production,55cb1cf51a1939e9325db5a3886e646850d6aaf5,1042,2026-04-27T17:44:31.502323
DOC_000471,329,Warrior,2011,imdb,imdb_synopsis,ecf2c5b72884eb9486fe0e6fd809fa564204f884,1039,2026-04-27T17:44:31.502323
DOC_000472,312,Top Gun,1986,wiki,plot_ending,2bdfb364cd849f78ff3ed891aea81c8d4b7893d3,1029,2026-04-27T17:44:31.502323
DOC_000473,60,No Country for Old Men,2007,wiki,plot_ending,966ee4abf6ab27e605238f22d2daa33b72b2bb4c,1029,2026-04-27T17:44:31.502323
DOC_000474,243,Independence Day,1996,imdb,imdb_synopsis,c50e24cbd343a4296b0f8326672d01ba507b7c77,1022,2026-04-27T17:44:31.502323
DOC_000475,381,Ghostbusters,1984,imdb,imdb_synopsis,e6a72c77d2b93af273d3f848f522313eb15aecfe,1018,2026-04-27T17:44:31.502323
DOC_000476,305,Little Miss Sunshine,2006,imdb,imdb_synopsis,099c44e94750408491acaa73c7ceca5c3d37c929,1018,2026-04-27T17:44:31.502323
DOC_000477,178,La La Land,2016,wiki,plot_ending,55a3608e8aeeba4215ac6d4dd0575fabf6b1b4df,1009,2026-04-27T17:44:31.502323
DOC_000478,317,The Fifth Element,1997,imdb,imdb_synopsis,a631aa70f40c8c22ccbafe6c53696a8308617121,1006,2026-04-27T17:44:31.502323
DOC_000479,48,The Lion King,1994,wiki,plot_ending,45a93f26181f959e2f5b1c4c959fdfc3f7c74712,1005,2026-04-27T17:44:31.502323
DOC_000480,29,The Departed,2006,imdb,imdb_synopsis,be914e9e323d3bb3d80ce5dc6209ff93a1cb347e,1004,2026-04-27T17:44:31.502323
DOC_000481,214,Cast Away,2000,wiki,lead_section,612eca77b8e7dac5b4d46a54a057e15c00b75d0d,994,2026-04-27T17:44:31.502323
DOC_000482,61,Eternal Sunshine of the Spotless Mind,2004,wiki,plot_build_up,8e67d4790d200f0499f048630fac3abc5cbfb0d9,987,2026-04-27T17:44:31.502323
DOC_000483,201,Frozen,2013,imdb,imdb_synopsis,d1b1121c5afebd5aec0dd902bac2b151bea236ad,986,2026-04-27T17:44:31.502323
DOC_000484,240,Dead Poets Society,1989,wiki,plot_ending,ed7f0461464b2ae73c9e8318169cf4c4388c722f,983,2026-04-27T17:44:31.502323
DOC_000485,97,Spirited Away,2003,wiki,plot_ending,188ec68f2d30fff6edc9fb2ce0ddaec5ae2d9269,980,2026-04-27T17:44:31.502323
DOC_000486,8,The Matrix,1999,wiki,plot_ending,1093087631295c08b21c9739c72d38a1b5d08360,974,2026-04-27T17:44:31.502323
DOC_000487,194,The King's Speech,2010,wiki,plot_ending,16d8d12f5a324fb69d287cdc0799bf4eacc5008f,970,2026-04-27T17:44:31.502323
DOC_000488,64,Reservoir Dogs,1992,wiki,plot_ending,152fed091a4a0a734479968f6f8ec81342d80fbe,969,2026-04-27T17:44:31.502323
DOC_000489,160,2001: A Space Odyssey,1968,wiki,plot_setup,cf473f35a2d20ac0da1e210e6dc8a6435fe430a9,965,2026-04-27T17:44:31.502323
DOC_000490,352,Gangs of New York,2002,wiki,plot_ending,7fa440431f8b618abf3d491253e54043573abbc1,964,2026-04-27T17:44:31.502323
DOC_000491,56,Good Will Hunting,1998,wiki,plot_setup,6413fa49f305ddce1c264868beb0b661d521c44f,957,2026-04-27T17:44:31.502323
DOC_000492,220,Baby Driver,2017,wiki,plot_ending,3037963fc5ab4c1c99c7178da21e0b0fca81ea15,955,2026-04-27T17:44:31.502323
DOC_000493,129,Knives Out,2019,wiki,plot_ending,8db28b0ad2bfa600bc3886217a0c79fd04e2294e,954,2026-04-27T17:44:31.502323
DOC_000494,124,Black Swan,2010,imdb,imdb_synopsis,38ea914b5d99215fbd04f18e1795eb6a8c6157eb,945,2026-04-27T17:44:31.502323
DOC_000495,362,Wreck-It Ralph,2012,wiki,plot_ending,76954ce8bea495193a4917789ba083834ef59d0b,942,2026-04-27T17:44:31.502323
DOC_000496,70,The Sixth Sense,1999,wiki,plot_ending,b78ea0b7fda868c0eb44067cebd212403d66d558,940,2026-04-27T17:44:31.502323
DOC_000497,3,Inception,2010,imdb,imdb_synopsis,82cb7ebf32b81efe1c4b949be46b4267cbd3a0e0,939,2026-04-27T17:44:31.502323
DOC_000498,306,The Butterfly Effect,2004,wiki,plot_setup,3d98a919c56697c86a08c21293c214f76df849b1,937,2026-04-27T17:44:31.502323
DOC_000499,31,Avatar,2009,imdb,imdb_synopsis,72d99385ebea8e8d8d27c019c245351e3a163c30,937,2026-04-27T17:44:31.502323
DOC_000500,54,The Shining,1980,imdb,imdb_synopsis,eb9441eb41877c32de816ca6b78174840544b99d,930,2026-04-27T17:44:31.502323
DOC_000501,330,The Help,2011,imdb,imdb_synopsis,3fbd0bc4d23de16f0bf6c9f9366b151f9ee9a829,921,2026-04-27T17:44:31.502323
DOC_000502,386,In Time,2011,wiki,production,889d2701a9215f7f3d97a2265e90137482e8d6ef,915,2026-04-27T17:44:31.502323
DOC_000503,62,Jurassic Park,1993,wiki,plot_setup,464dbde93e83c2def37e39123ffb8eb12c9777b0,897,2026-04-27T17:44:31.502323
DOC_000504,219,Green Book,2018,imdb,imdb_synopsis,deb54c04ca30a9032e8730f8b9dd78beb515a6d9,894,2026-04-27T17:44:31.502323
DOC_000505,314,28 Days Later,2002,wiki,plot_ending,a513122e9896a0ce9beb06e6d8a4c3bc11e8f9df,891,2026-04-27T17:44:31.502323
DOC_000506,192,Jaws,1975,imdb,imdb_synopsis,a16742819d1319d8e5dd731e2a0a513bf715292d,886,2026-04-27T17:44:31.502323
DOC_000507,127,The Imitation Game,2014,wiki,plot_ending,b8c1c594c6cb06b94d2e54599e92b5aa7148df70,885,2026-04-27T17:44:31.502323
DOC_000508,390,Room,2015,imdb,imdb_synopsis,ee903daab4c8831f237195d89b06224f94fdfe0a,875,2026-04-27T17:44:31.502323
DOC_000509,225,Taken,2008,imdb,imdb_synopsis,d06135cfd85d8ca601b07fe917c72485a6960876,872,2026-04-27T17:44:31.502323
DOC_000510,196,Her,2014,imdb,imdb_synopsis,800e8ac2ea843b765bcfec2b3aa3f7118d850e7a,870,2026-04-27T17:44:31.502323
DOC_000511,38,The Truman Show,1998,wiki,plot_setup,6b3c1151b575583869466f127141960b32b9bcca,869,2026-04-27T17:44:31.502323
DOC_000512,336,Mystic River,2003,imdb,imdb_synopsis,eaeb57f7056545d249c8bca7916f19c84ba3fa69,862,2026-04-27T17:44:31.502323
DOC_000513,212,Superbad,2007,wiki,plot_ending,acd88723019af734cd87a72067481ece8119f292,858,2026-04-27T17:44:31.502323
DOC_000514,245,Bohemian Rhapsody,2018,imdb,imdb_synopsis,e9615e408b8f80186d5fd51c9992e641a8ab0f71,856,2026-04-27T17:44:31.502323
DOC_000515,60,No Country for Old Men,2007,imdb,imdb_synopsis,32023f6a1098f35301c4ec4f60b84ee19e801a53,856,2026-04-27T17:44:31.502323
DOC_000516,148,Life Is Beautiful,1997,wiki,plot_ending,c7db682e09d204177a29a62474c8dbb56527ad24,855,2026-04-27T17:44:31.502323
DOC_000517,139,Amélie,2002,wiki,plot_setup,2d584b5c57c0e4b82909352771abbd5abfe301cd,855,2026-04-27T17:44:31.502323
DOC_000518,316,Tangled,2010,imdb,imdb_synopsis,159714a001268533d160ed89e158aee1881a8dec,850,2026-04-27T17:44:31.502323
DOC_000519,206,Life of Pi,2012,wiki,reception,4abe670b4abdbf06aa146429e52634f70cdfea80,849,2026-04-27T17:44:31.502323
DOC_000520,215,The Notebook,2004,imdb,imdb_synopsis,3be2b093f46ec07f0b160629c127373cd934aad2,848,2026-04-27T17:44:31.502323
DOC_000521,184,Pan's Labyrinth,2007,wiki,plot_ending,be45c623cb762c58e5ca871ccfed0ef1eba26f83,843,2026-04-27T17:44:31.502323
DOC_000522,208,Prometheus,2012,imdb,imdb_synopsis,ac77d5f93e63736635fe8e7cf004e9808e39bcf1,836,2026-04-27T17:44:31.502323
DOC_000523,155,Fargo,1996,imdb,imdb_synopsis,0c17ec5c934a603ebb9d56623e4ca2322be04299,836,2026-04-27T17:44:31.502323
DOC_000524,254,Everything Everywhere All at Once,2022,imdb,imdb_synopsis,89c376ae321ec6b6b64ae224e8b6914885e86215,833,2026-04-27T17:44:31.502323
DOC_000525,25,Schindler's List,1994,wiki,plot_setup,05f05d26d7063b7b2381fc754401bcddee2860f4,829,2026-04-27T17:44:31.502323
DOC_000526,188,Home Alone,1990,imdb,imdb_synopsis,d327d8129f1b65412788a72c82126c6cf922d23d,828,2026-04-27T17:44:31.502323
DOC_000527,314,28 Days Later,2002,imdb,imdb_synopsis,25b45a05506847a1cddd3261369308e7c8c8dd62,827,2026-04-27T17:44:31.502323
DOC_000528,58,Finding Nemo,2003,wiki,plot_ending,39ef7415f868a19f98f57c427ec38d9659ffab3d,820,2026-04-27T17:44:31.502323
DOC_000529,312,Top Gun,1986,wiki,plot_setup,a8f0eb0fecd625b571eb5e8f9a9f48fc3d72fe04,817,2026-04-27T17:44:31.502323
DOC_000530,350,The Theory of Everything,2014,imdb,imdb_synopsis,7c6d24f44986c3a779ef293a0e5055aee5c5435f,811,2026-04-27T17:44:31.502323
DOC_000531,58,Finding Nemo,2003,wiki,plot_setup,7568fca8cb13fa90b1f416ae380db7fd1d1739f6,811,2026-04-27T17:44:31.502323
DOC_000532,58,Finding Nemo,2003,imdb,imdb_synopsis,6000a4acc8e4fe870c68816a43977a71cd02d10d,809,2026-04-27T17:44:31.502323
DOC_000533,128,I Am Legend,2007,imdb,imdb_synopsis,a444a7fb0c35ac890371a488dcb81d78c443b6d7,808,2026-04-27T17:44:31.502323
DOC_000534,22,Shutter Island,2010,imdb,imdb_synopsis,f78a0bc0801a459ecc6f320af364dcba13e3e04d,808,2026-04-27T17:44:31.502323
DOC_000535,38,The Truman Show,1998,imdb,imdb_synopsis,955ceadfa6bb1f514c02d7f303d7773474e388fd,796,2026-04-27T17:44:31.502323
DOC_000536,251,Zootopia,2016,wiki,plot_setup,2edc03b4021e3ccdcac78168ddca9f796d1bd440,794,2026-04-27T17:44:31.502323
DOC_000537,9,The Godfather,1972,imdb,imdb_synopsis,1dc023798f86f82a742cb7c864585fc92d6dc2f0,791,2026-04-27T17:44:31.502323
DOC_000538,125,Blade Runner,1982,wiki,plot_setup,d7ede380b58e018cefe44e69033439506dc1e873,791,2026-04-27T17:44:31.502323
DOC_000539,363,The Menu,2022,imdb,imdb_synopsis,7a0a85a0bc3c914fe5df88669c4b9ac107e3c030,789,2026-04-27T17:44:31.502323
DOC_000540,316,Tangled,2010,wiki,plot_setup,cb624d840e265b1cdb419465b10dd36d2aa508fc,788,2026-04-27T17:44:31.502323
DOC_000541,313,Dallas Buyers Club,2013,wiki,plot_setup,c1cb670207df503c350be4c06b32488570fcf816,788,2026-04-27T17:44:31.502323
DOC_000542,339,Captain Phillips,2013,imdb,imdb_synopsis,8a467dde6fbd3a230bbf45fa03bf85828e8cf600,787,2026-04-27T17:44:31.502323
DOC_000543,135,Gran Torino,2008,wiki,plot_setup,352d33b1ca583d9fa6b9883cc3fb3b827c8bceb7,781,2026-04-27T17:44:31.502323
DOC_000544,63,Toy Story,1995,imdb,imdb_synopsis,58bce934b0d8e9a8129cbd9c961fbf0bbfe78ecf,777,2026-04-27T17:44:31.502323
DOC_000545,220,Baby Driver,2017,imdb,imdb_synopsis,e030005da1d41cbd56f02cdf93c52eb109ba2bd8,776,2026-04-27T17:44:31.502323
DOC_000546,306,The Butterfly Effect,2004,imdb,imdb_synopsis,949c95fbc88dab5573e271d71080c00df1a89e6f,771,2026-04-27T17:44:31.502323
DOC_000547,50,V for Vendetta,2006,imdb,imdb_synopsis,fab0d7171a57fc627c917baad38d1d9519ab8c92,765,2026-04-27T17:44:31.502323
DOC_000548,362,Wreck-It Ralph,2012,imdb,imdb_synopsis,c5718ba8aec6ba2c88469ff97691da1ced5d3cd5,763,2026-04-27T17:44:31.502323
DOC_000549,6,Forrest Gump,1994,wiki,plot_ending,e2ff1e76a4c6a4c70f1b3643e55fa11749a865d7,762,2026-04-27T17:44:31.502323
DOC_000550,142,John Wick,2014,imdb,imdb_synopsis,efb5261201f1d0d458bffb6728ae74ee9634dadb,761,2026-04-27T17:44:31.502323
DOC_000551,232,Argo,2012,imdb,imdb_synopsis,4f8c4c162381d39d6fb9ab536b465977a9d3e226,761,2026-04-27T17:44:31.502323
DOC_000552,91,Requiem for a Dream,2000,imdb,imdb_synopsis,f232cbd352eda8ecfdb7d45fd36a881257faa482,759,2026-04-27T17:44:31.502323
DOC_000553,152,Heat,1995,imdb,imdb_synopsis,7500964bb5f6c5a4720c01a717576db7c8882a90,757,2026-04-27T17:44:31.502323
DOC_000554,56,Good Will Hunting,1998,wiki,plot_ending,840bf8996cbec6fc10f36f135c2fd3cab42d9639,755,2026-04-27T17:44:31.502323
DOC_000555,148,Life Is Beautiful,1997,wiki,plot_setup,d9e223addc9e935059ae76bd8205ae653d3c42df,754,2026-04-27T17:44:31.502323
DOC_000556,206,Life of Pi,2012,imdb,imdb_synopsis,73185c2fa106f517d3200d4430e98c361da97768,753,2026-04-27T17:44:31.502323
DOC_000557,5,Interstellar,2014,imdb,imdb_synopsis,52892f9dba32ed54a0481a6967858e919aade1ff,749,2026-04-27T17:44:31.502323
DOC_000558,147,Get Out,2017,wiki,plot_setup,1d2512e0653e826c5a477d1d6377599f8896aad2,748,2026-04-27T17:44:31.502323
DOC_000559,160,2001: A Space Odyssey,1968,wiki,plot_ending,c42b097f7d2f7dee7ef3fe27b989528c4355046d,743,2026-04-27T17:44:31.502323
DOC_000560,15,Django Unchained,2012,wiki,plot_setup,0244b0e8580ad873d622ff978fd0cb391bb9a872,741,2026-04-27T17:44:31.502323
DOC_000561,188,Home Alone,1990,wiki,plot_setup,389871da19228db77cb1e9f37081bd4752e87bb2,741,2026-04-27T17:44:31.502323
DOC_000562,384,Mean Girls,2004,wiki,plot_setup,69399decfc3394c4e60deaf13eb513fbfcaf87aa,740,2026-04-27T17:44:31.502323
DOC_000563,59,Mad Max: Fury Road,2015,wiki,plot_ending,0b4917b88a400fbaae416195e16101961d5558b9,739,2026-04-27T17:44:31.502323
DOC_000564,319,Ready Player One,2018,imdb,imdb_synopsis,13c2662202a0d8290fb02a702d9e1d01dd98f7bd,735,2026-04-27T17:44:31.502323
DOC_000565,354,The Last Samurai,2003,wiki,plot_setup,6671b838027d461cddec99053e7188a6cc04f1b5,734,2026-04-27T17:44:31.502323
DOC_000566,6,Forrest Gump,1994,imdb,imdb_synopsis,0540ac3965968863166303ce2ee30df0e28ee138,733,2026-04-27T17:44:31.502323
DOC_000567,340,American Hustle,2013,imdb,imdb_synopsis,43be2e347d7e8a31e0814fff3bc3ba8c7fa2ba7f,732,2026-04-27T17:44:31.502323
DOC_000568,231,Zombieland,2009,wiki,plot_ending,a59d4a580275461c74cb984694a84b4ee2eb9e41,731,2026-04-27T17:44:31.502323
DOC_000569,18,Inglourious Basterds,2009,imdb,imdb_synopsis,0632d6732e2cde5e63c7f6155f24c01c07d3b16c,727,2026-04-27T17:44:31.502323
DOC_000570,84,Scarface,1983,imdb,imdb_synopsis,8d2da165088fb0178fceb5a6260560a195927e74,725,2026-04-27T17:44:31.502323
DOC_000571,151,Edge of Tomorrow,2014,imdb,imdb_synopsis,ebdf4d84e911e2817d412c7beb8ac2c9c01858a4,724,2026-04-27T17:44:31.502323
DOC_000572,352,Gangs of New York,2002,imdb,imdb_synopsis,f2af52c5d9ca37ef209f499b538583cc60beba4b,724,2026-04-27T17:44:31.502323
DOC_000573,117,Slumdog Millionaire,2008,wiki,plot_setup,d79660f6e4da0111d1de34d571e6056f7aa1683f,723,2026-04-27T17:44:31.502323
DOC_000574,168,Now You See Me,2013,imdb,imdb_synopsis,524e817cab7fc742728e5beabddcf67575ddfa84,722,2026-04-27T17:44:31.502323
DOC_000575,327,The Devil Wears Prada,2006,imdb,imdb_synopsis,0f3f5d04e31673fdf8dc8b81c5573a16cff30a17,722,2026-04-27T17:44:31.502323
DOC_000576,151,Edge of Tomorrow,2014,wiki,plot_ending,3aad3e407cef41be32a2d549dd427add6345270f,722,2026-04-27T17:44:31.502323
DOC_000577,374,Tropic Thunder,2008,wiki,plot_setup,2cb9d32992b22194372de8d2ff0bdfed20fe67c8,714,2026-04-27T17:44:31.502323
DOC_000578,200,Oldboy,2003,imdb,imdb_synopsis,7404edb7f5b5640855872380444210108c966fc4,712,2026-04-27T17:44:31.502323
DOC_000579,238,A Quiet Place,2018,imdb,imdb_synopsis,95ffb48993ab9dd5e2f9e744a510e374a6d58895,712,2026-04-27T17:44:31.502323
DOC_000580,90,Snatch,2000,imdb,imdb_synopsis,e0fa0c581ef8f6f73942bc955ad592a75f78bd5c,710,2026-04-27T17:44:31.502323
DOC_000581,262,Casino,1995,imdb,imdb_synopsis,5d19f7798bcdcc03c6a7480d398025c42ef06218,703,2026-04-27T17:44:31.502323
DOC_000582,364,The Hurt Locker,2009,wiki,plot_ending,d31ae89ddeacef16f6c645fd4d5547b5b38a6f54,703,2026-04-27T17:44:31.502323
DOC_000583,62,Jurassic Park,1993,wiki,plot_ending,6605802fb8424e49e4a4431639a6398fc0eb34b4,701,2026-04-27T17:44:31.502323
DOC_000584,80,Taxi Driver,1976,wiki,plot_setup,1831c899109ef41dad1b73b13f74adb6ede3b197,700,2026-04-27T17:44:31.502323
DOC_000585,340,American Hustle,2013,wiki,plot_setup,4f9d80486de6a99b013afd40901631703c90a896,697,2026-04-27T17:44:31.502323
DOC_000586,186,Casino Royale,2006,imdb,imdb_synopsis,b18c615351a4771f8fdd9af395a2db4ce66e3859,697,2026-04-27T17:44:31.502323
DOC_000587,135,Gran Torino,2008,imdb,imdb_synopsis,9f8b5606ae62e8a1c71abc70998bd326eeea2024,694,2026-04-27T17:44:31.502323
DOC_000588,36,Titanic,1997,imdb,imdb_synopsis,358c9d9a1eb07477a59a96e84884985f7bcf0ec8,691,2026-04-27T17:44:31.502323
DOC_000589,64,Reservoir Dogs,1992,imdb,imdb_synopsis,48884e54e88c2769a10bba31e366902f2573f71d,691,2026-04-27T17:44:31.502323
DOC_000590,167,Skyfall,2012,imdb,imdb_synopsis,75bf8e61dff404d28a8ec3ab4c731d2863fdd54d,688,2026-04-27T17:44:31.502323
DOC_000591,257,Minority Report,2002,imdb,imdb_synopsis,2346462aff5349439d2d026acd9d621fa9179c08,683,2026-04-27T17:44:31.502323
DOC_000592,97,Spirited Away,2003,wiki,plot_setup,613409a812898340b76c0d9b8319d1a89a82ad69,682,2026-04-27T17:44:31.502323
DOC_000593,386,In Time,2011,wiki,lead_section,7f6a91f7f66ad660992bff617c0560442bea15dd,682,2026-04-27T17:44:31.502323
DOC_000594,106,Prisoners,2013,imdb,imdb_synopsis,a580a989d85d2a526cba6f201a8f5eb045f5f995,680,2026-04-27T17:44:31.502323
DOC_000595,63,Toy Story,1995,wiki,plot_ending,84c9a5980b45a7bd452ad5e9728f79e4f7366c6c,680,2026-04-27T17:44:31.502323
DOC_000596,80,Taxi Driver,1976,wiki,plot_ending,99aaf13a44cb1055609aecf658f579afd732ef26,670,2026-04-27T17:44:31.502323
DOC_000597,305,Little Miss Sunshine,2006,wiki,plot_ending,7a82cd969cbef9557231fd743213776ee746579e,669,2026-04-27T17:44:31.502323
DOC_000598,230,Nightcrawler,2014,imdb,imdb_synopsis,5cc9dd66b0df6b3296de582223a0ee63bf63461d,668,2026-04-27T17:44:31.502323
DOC_000599,182,District 9,2009,imdb,imdb_synopsis,989ad5313f2ee7b48bc2e4a033af98a904e64125,662,2026-04-27T17:44:31.502323
DOC_000600,23,Saving Private Ryan,1998,imdb,imdb_synopsis,1860cf03602689b6ac48adbed95c4104deca7ba2,655,2026-04-27T17:44:31.502323
DOC_000601,86,The Martian,2015,imdb,imdb_synopsis,9d067cf87b0c0933dd8fe7ced2ef3b638b59c13f,655,2026-04-27T17:44:31.502323
DOC_000602,4,Fight Club,1999,wiki,plot_build_up,ed8045a19dc55d00558b6dae75aedea128ac5271,654,2026-04-27T17:44:31.502323
DOC_000603,231,Zombieland,2009,wiki,plot_setup,c96e6e48a2601ed5979120523630c60b0a27356c,653,2026-04-27T17:44:31.502323
DOC_000604,212,Superbad,2007,imdb,imdb_synopsis,6d1578a187d351357fbb08e8278d1cd8fd9ec7d2,652,2026-04-27T17:44:31.502323
DOC_000605,305,Little Miss Sunshine,2006,wiki,plot_setup,2327cd675fb20b019555f17be724d1947c44b552,650,2026-04-27T17:44:31.502323
DOC_000606,174,Million Dollar Baby,2005,imdb,imdb_synopsis,9ecf2d4116f7494a4238a6280d887e3b23fff87c,649,2026-04-27T17:44:31.502323
DOC_000607,114,Inside Out,2015,imdb,imdb_synopsis,54d6d4f01e3bbebb560a8b35e9530dc08ea3fbf6,648,2026-04-27T17:44:31.502323
DOC_000608,194,The King's Speech,2010,wiki,plot_setup,a2b99effaf9af6be375aec1a25cd85ec4cca6b1e,648,2026-04-27T17:44:31.502323
DOC_000609,236,L.A. Confidential,1997,wiki,reception,e495c94139c5d9a62f0bca2bb70939292e733803,641,2026-04-27T17:44:31.502323
DOC_000610,256,The Conjuring,2013,wiki,plot_ending,ffb5effe34760a3b8a105c932113028ae531961f,639,2026-04-27T17:44:31.502323
DOC_000611,148,Life Is Beautiful,1997,imdb,imdb_synopsis,f5c31f0790cb960e3d97497bb69214f494eda3e1,638,2026-04-27T17:44:31.502323
DOC_000612,3,Inception,2010,wiki,plot_setup,63ea604d8576e609a72f2e1fbaf373a256800381,635,2026-04-27T17:44:31.502323
DOC_000613,174,Million Dollar Baby,2005,wiki,plot_setup,00dfaeca3292e27291553c3fb2048bcc665f91fe,634,2026-04-27T17:44:31.502323
DOC_000614,158,Psycho,1960,imdb,imdb_synopsis,7a3a3e73cbc93dddeaf1e3abef26011a110b057b,634,2026-04-27T17:44:31.502323
DOC_000615,149,Shrek,2001,wiki,plot_setup,0513ed6c949165d10f0365a56534df0f155cec9f,633,2026-04-27T17:44:31.502323
DOC_000616,389,3 Idiots,2009,imdb,imdb_synopsis,9e081f30677bfa261ff7354d3c93ef554a6f56f3,625,2026-04-27T17:44:31.502323
DOC_000617,149,Shrek,2001,imdb,imdb_synopsis,c925a24ced2bb1d7c1ac555ffe6cb22b506f7f9b,624,2026-04-27T17:44:31.502323
DOC_000618,80,Taxi Driver,1976,imdb,imdb_synopsis,d6e7449a3c9a7c0c7aa0b56dbe9dc50e2d8bc7d4,623,2026-04-27T17:44:31.502323
DOC_000619,372,Elysium,2013,imdb,imdb_synopsis,95991129f51728f70d55d3565f14663c0212c0fb,623,2026-04-27T17:44:31.502323
DOC_000620,386,In Time,2011,wiki,plot_setup,50f41b6098dde81fd7236decd3558dacef7594b6,621,2026-04-27T17:44:31.502323
DOC_000621,236,L.A. Confidential,1997,imdb,imdb_synopsis,f35d426417f70413c3aac6748bec5f76b81d2aa6,620,2026-04-27T17:44:31.502323
DOC_000622,63,Toy Story,1995,wiki,plot_setup,5a8c679085e6c08e474b221eb83cb2311ca040c7,620,2026-04-27T17:44:31.502323
DOC_000623,61,Eternal Sunshine of the Spotless Mind,2004,imdb,imdb_synopsis,7a953d36d651a288d4e1966866c11fdf938c8cd1,619,2026-04-27T17:44:31.502323
DOC_000624,256,The Conjuring,2013,imdb,imdb_synopsis,d63f1cf8f59e47940f44824e158fd42d20ba1e4d,619,2026-04-27T17:44:31.502323
DOC_000625,91,Requiem for a Dream,2000,wiki,plot_setup,f158b6ca9b99c83753a4d5d8783ef8a71430882b,618,2026-04-27T17:44:31.502323
DOC_000626,217,Tenet,2020,wiki,plot_setup,5fdb2beba2a38c2c4a63ce7de979c9391af9a424,613,2026-04-27T17:44:31.502323
DOC_000627,130,City of God,2004,imdb,imdb_synopsis,bf75eef4fd28a019ac8db1b3aa6cb453e5712b6d,609,2026-04-27T17:44:31.502323
DOC_000628,392,Madagascar,2005,imdb,imdb_synopsis,139645b81f7b81b1d49cc568da09173afe81b05d,607,2026-04-27T17:44:31.502323
DOC_000629,386,In Time,2011,imdb,imdb_synopsis,60b41866a0df75e57d0b918905ef4d4d5ca029f7,606,2026-04-27T17:44:31.502323
DOC_000630,343,Training Day,2001,imdb,imdb_synopsis,dfdccb375ba84de63c86d1290d124f7379ce7007,605,2026-04-27T17:44:31.502323
DOC_000631,15,Django Unchained,2012,imdb,imdb_synopsis,91871f097c32a604286a0b340c095ae0a6413dc5,603,2026-04-27T17:44:31.502323
DOC_000632,182,District 9,2009,wiki,plot_setup,40aed76facb5c1bfe692c2b07d82ac6130c1549d,600,2026-04-27T17:44:31.502323
DOC_000633,150,Dunkirk,2017,imdb,imdb_synopsis,ff2b44deb3716db29c4496aa2fcf4e8e207f3526,599,2026-04-27T17:44:31.502323
DOC_000634,388,Midsommar,2019,imdb,imdb_synopsis,188ee064cd4911433a59d2e069f7b734459f918b,596,2026-04-27T17:44:31.502323
DOC_000635,312,Top Gun,1986,imdb,imdb_synopsis,a0b6b66eac9aabd4d623ba69cdbc296a812f13d0,595,2026-04-27T17:44:31.502323
DOC_000636,59,Mad Max: Fury Road,2015,imdb,imdb_synopsis,e5fb83a553ca9dba93dfee28222a6ca32a83424d,593,2026-04-27T17:44:31.502323
DOC_000637,9,The Godfather,1972,wiki,plot_setup,bd88e80c26957abfafb0f72b35f87ca29ffd556e,591,2026-04-27T17:44:31.502323
DOC_000638,103,Ratatouille,2007,imdb,imdb_synopsis,40d8e5ccf0f08bff7c63c01db73bbda8e8054c9c,587,2026-04-27T17:44:31.502323
DOC_000639,231,Zombieland,2009,imdb,imdb_synopsis,018223762dfa9f7dc688da18277b1790f439cc9f,586,2026-04-27T17:44:31.502323
DOC_000640,78,Die Hard,1988,wiki,plot_setup,4eb0dbe3fafd951cfb3a19436513a1f10b277c91,574,2026-04-27T17:44:31.502323
DOC_000641,364,The Hurt Locker,2009,imdb,imdb_synopsis,e86a1b053bbf3584e17c1c2b87f42dfcf53488c6,573,2026-04-27T17:44:31.502323
DOC_000642,198,Transformers,2007,imdb,imdb_synopsis,8009be215a9db474d847d8883749259f65567d64,571,2026-04-27T17:44:31.502323
DOC_000643,362,Wreck-It Ralph,2012,wiki,plot_setup,a6bb9f88c16559634fa1852c4ca6b070b3114d07,569,2026-04-27T17:44:31.502323
DOC_000644,116,Donnie Darko,2001,imdb,imdb_synopsis,5eb510fce8ddfeb200501029c7951afe928eada1,568,2026-04-27T17:44:31.502323
DOC_000645,239,Casablanca,1943,imdb,imdb_synopsis,f1658fedbb002db90c761291ff20545781b9b1c2,565,2026-04-27T17:44:31.502323
DOC_000646,47,American History X,1998,imdb,imdb_synopsis,02bf4b94ead148190da51b954943c833a7b3fc34,562,2026-04-27T17:44:31.502323
DOC_000647,357,The Mummy,1999,imdb,imdb_synopsis,bb6e759739545f8499b3319a823295669c6c919f,561,2026-04-27T17:44:31.502323
DOC_000648,360,Aladdin,1992,imdb,imdb_synopsis,7ee231125187d342cef97b6c15b27686f4edca6a,555,2026-04-27T17:44:31.502323
DOC_000649,167,Skyfall,2012,wiki,plot_ending,85be5045e8acadb616561420529a17534bb564d5,552,2026-04-27T17:44:31.502323
DOC_000650,7,Pulp Fiction,1994,imdb,imdb_synopsis,691d87cbfc0bcfe8ecbf2ef9abd3566fe14da717,552,2026-04-27T17:44:31.502323
DOC_000651,177,Drive,2011,imdb,imdb_synopsis,b0a1453a130b22f3529cf70edd680178029d5fcc,552,2026-04-27T17:44:31.502323
DOC_000652,248,Shaun of the Dead,2004,wiki,plot_setup,2c986ccb42733b29f5b7e299936b009f32fdd154,551,2026-04-27T17:44:31.502323
DOC_000653,75,A Beautiful Mind,2002,imdb,imdb_synopsis,ca490fdc624891b96d7237eb2ea82cc53c0cb310,546,2026-04-27T17:44:31.502323
DOC_000654,160,2001: A Space Odyssey,1968,imdb,imdb_synopsis,d9f323b47fa6b7928c950ad5e05e815d93c6089a,536,2026-04-27T17:44:31.502323
DOC_000655,253,Looper,2012,imdb,imdb_synopsis,8ae3dd1406c011292ea5eaf567dc418fc878223c,536,2026-04-27T17:44:31.502323
DOC_000656,381,Ghostbusters,1984,wiki,plot_setup,67274eb60935e96777d152ebc16cb37ce2f32b85,533,2026-04-27T17:44:31.502323
DOC_000657,64,Reservoir Dogs,1992,wiki,plot_setup,6aab33585bc1e699c4c238f800aed996252c6e37,531,2026-04-27T17:44:31.502323
DOC_000658,206,Life of Pi,2012,wiki,plot_setup,fa88d4649df74ad6a3dc85b04687548a7507685a,531,2026-04-27T17:44:31.502323
DOC_000659,345,Howl's Moving Castle,2004,imdb,imdb_synopsis,cf6bbff0e883cc0b5d853306abcc1630f25df586,525,2026-04-27T17:44:31.502323
DOC_000660,70,The Sixth Sense,1999,imdb,imdb_synopsis,e451692789ca5da4ef0826a704898f2e57e5a4b7,524,2026-04-27T17:44:31.502323
DOC_000661,113,The Big Lebowski,1998,imdb,imdb_synopsis,9b10a19bffc196c4bf105d334607687ffcbe353b,520,2026-04-27T17:44:31.502323
DOC_000662,352,Gangs of New York,2002,wiki,plot_setup,3a30288ad11947648aa21e47c52d131660602660,516,2026-04-27T17:44:31.502323
DOC_000663,51,The Usual Suspects,1995,imdb,imdb_synopsis,68794e29fa91af34d86e918c2779c154824cc53d,514,2026-04-27T17:44:31.502323
DOC_000664,22,Shutter Island,2010,wiki,plot_ending,7a61310ac70b0fb9bd193182b76c318bb77ca327,514,2026-04-27T17:44:31.502323
DOC_000665,8,The Matrix,1999,imdb,imdb_synopsis,80565ddf8e31681d46bc82e1de8a3e435a04f5d9,513,2026-04-27T17:44:31.502323
DOC_000666,68,One Flew Over the Cuckoo's Nest,1975,imdb,imdb_synopsis,ed6feeddd58d8c9722f2de19217276316daa89db,512,2026-04-27T17:44:31.502323
DOC_000667,359,Predator,1987,imdb,imdb_synopsis,eb717d1662a89cf36ca73c95e47eecf9be3a0e9a,502,2026-04-27T17:44:31.502323
DOC_000668,178,La La Land,2016,wiki,plot_setup,dbac581f03b9d26b761677ebb0808059d66e378d,501,2026-04-27T17:44:31.502323
DOC_000669,16,Gladiator,2000,imdb,imdb_synopsis,6d08dd9cce0b1ab76bd1282c6eb02bb9e211ed62,499,2026-04-27T17:44:31.502323
DOC_000670,114,Inside Out,2015,wiki,plot_setup,dc91e9c035c229b8cc5c1f9128940ed51bfebdd4,498,2026-04-27T17:44:31.502323
DOC_000671,146,The Social Network,2010,imdb,imdb_synopsis,bad7059ff48f510652e99f313284d74a775ce97a,498,2026-04-27T17:44:31.502323
DOC_000672,74,Alien,1979,imdb,imdb_synopsis,489adcdf131ff9b01ad1f5bf9dc43f43f4423159,497,2026-04-27T17:44:31.502323
DOC_000673,89,12 Angry Men,1957,imdb,imdb_synopsis,6cc3670ee3984365f2c38a4035a7de611166607a,494,2026-04-27T17:44:31.502323
DOC_000674,140,American Psycho,2000,wiki,plot_ending,0dc0e1639706996e8654291be924b3b549f9ddcf,493,2026-04-27T17:44:31.502323
DOC_000675,184,Pan's Labyrinth,2007,imdb,imdb_synopsis,a48b006859d9a5d98871c494236ae7249b21613a,493,2026-04-27T17:44:31.502323
DOC_000676,220,Baby Driver,2017,wiki,plot_setup,ba75f7872d15a4c5d674b33ce51e0222d2600d20,493,2026-04-27T17:44:31.502323
DOC_000677,236,L.A. Confidential,1997,wiki,plot_ending,faa4d5bd91ebdbfba34c2243f54dd6f925a2e8db,492,2026-04-27T17:44:31.502323
DOC_000678,216,Rocky,1976,wiki,plot_setup,644acf18c54d86d5bdada00b95769d9eae14546d,492,2026-04-27T17:44:31.502323
DOC_000679,85,The Pianist,2003,imdb,imdb_synopsis,807ceb741efb677452a0fca9b833319ebf890aa9,489,2026-04-27T17:44:31.502323
DOC_000680,78,Die Hard,1988,imdb,imdb_synopsis,898b5fa4bc3c14b9a6d8b97002e0f98d6019caf6,487,2026-04-27T17:44:31.502323
DOC_000681,364,The Hurt Locker,2009,wiki,plot_setup,48c728f1e7bf4cb3e39c289ab4d0f38f881f00ec,483,2026-04-27T17:44:31.502323
DOC_000682,360,Aladdin,1992,wiki,lead_section,2367c446b2eec7b634e21bf083c586069e27834b,482,2026-04-27T17:44:31.502323
DOC_000683,191,Groundhog Day,1993,imdb,imdb_synopsis,0a63e69ea135a264d6de40e01b7757887ff23cf5,479,2026-04-27T17:44:31.502323
DOC_000684,52,Catch Me If You Can,2002,wiki,plot_setup,7b19e559806f5a1f373b90196991389cc4e9255e,478,2026-04-27T17:44:31.502323
DOC_000685,129,Knives Out,2019,wiki,plot_setup,6cf3ac07710bf9631622351f2dfb21ddc26bea4c,478,2026-04-27T17:44:31.502323
DOC_000686,240,Dead Poets Society,1989,imdb,imdb_synopsis,c2b6632f471ec6b64c27371c962a074fe2875cb6,477,2026-04-27T17:44:31.502323
DOC_000687,67,Braveheart,1995,imdb,imdb_synopsis,e5087da019e910a686a04c07b2a9f452106ff58f,474,2026-04-27T17:44:31.502323
DOC_000688,47,American History X,1998,wiki,plot_setup,40d48d16f866045315f33e43d9b69ddb728a7539,474,2026-04-27T17:44:31.502323
DOC_000689,105,A Clockwork Orange,1971,imdb,imdb_synopsis,ad9478732185285cb2a1fadf59e65e593e8a9469,471,2026-04-27T17:44:31.502323
DOC_000690,79,The Intouchables,2011,imdb,imdb_synopsis,a66fe9a9133d469e7e82125bf55c678e291b6029,470,2026-04-27T17:44:31.502323
DOC_000691,37,GoodFellas,1990,wiki,plot_setup,d69c1fd0ae7542608e6e4e484b2d676aed0a6cd3,466,2026-04-27T17:44:31.502323
DOC_000692,4,Fight Club,1999,imdb,imdb_synopsis,23cb8b2b2d0fc1dc23285d475354675b4823e331,466,2026-04-27T17:44:31.502323
DOC_000693,217,Tenet,2020,imdb,imdb_synopsis,f80f7b28e2d44669fb49d5ee7fe700fcb9e28bbd,466,2026-04-27T17:44:31.502323
DOC_000694,238,A Quiet Place,2018,wiki,plot_setup,29c46731bda75e7d95a60400e9b73394a6285bdf,464,2026-04-27T17:44:31.502323
DOC_000695,369,Citizen Kane,1941,wiki,plot_setup,2a3b7f7a2565ba9b77be588db17d4e85b32192cf,464,2026-04-27T17:44:31.502323
DOC_000696,216,Rocky,1976,imdb,imdb_synopsis,65feb52cba9bba1a1651a1be264d38c850a0a189,463,2026-04-27T17:44:31.502323
DOC_000697,116,Donnie Darko,2001,wiki,plot_setup,0a6fdfbba8dea1e11ec0f23f96be613ed7cc1186,457,2026-04-27T17:44:31.502323
DOC_000698,205,Coco,2017,imdb,imdb_synopsis,6c600f75f943c50b85434bc9e9076b83ff05635b,456,2026-04-27T17:44:31.502323
DOC_000699,247,Ex Machina,2014,imdb,imdb_synopsis,9c3d3094c72c511ee64aa137bb79d2e670c9cf9b,455,2026-04-27T17:44:31.502323
DOC_000700,260,Split,2016,imdb,imdb_synopsis,453dc585ef277ee750e3cd2344935286e3a1c273,453,2026-04-27T17:44:31.502323
DOC_000701,256,The Conjuring,2013,wiki,plot_setup,cec8c4fa8e33c01bf8a7243a19beb46af0c1e320,448,2026-04-27T17:44:31.502323
DOC_000702,62,Jurassic Park,1993,imdb,imdb_synopsis,3353e6f36b3a7292abfdba51ea5b0ceb22fe9a23,446,2026-04-27T17:44:31.502323
DOC_000703,236,L.A. Confidential,1997,wiki,plot_build_up,05a068bf8775130904643c7f004c701302e3e711,446,2026-04-27T17:44:31.502323
DOC_000704,93,The Grand Budapest Hotel,2014,wiki,plot_setup,091a28be7ed26de833030d1cb445b30ed1a191ae,443,2026-04-27T17:44:31.502323
DOC_000705,251,Zootopia,2016,imdb,imdb_synopsis,7f357b3a22960df079300b7867b5756d81afcddd,443,2026-04-27T17:44:31.502323
DOC_000706,194,The King's Speech,2010,imdb,imdb_synopsis,d8268853e215c48aaec183a52f97cef995238053,439,2026-04-27T17:44:31.502323
DOC_000707,8,The Matrix,1999,wiki,plot_setup,38a9065fd5c4a7a7aa28bb645652cc56723008c0,438,2026-04-27T17:44:31.502323
DOC_000708,21,Joker,2019,imdb,imdb_synopsis,666d2e05baacc9903f3e7656e7712c2d0be7e12b,437,2026-04-27T17:44:31.502323
DOC_000709,369,Citizen Kane,1941,imdb,imdb_synopsis,f126a86c5f327eb01a9de6af90360987d1b03d47,436,2026-04-27T17:44:31.502323
DOC_000710,389,3 Idiots,2009,wiki,plot_setup,59a88e3f6e963e65164d206aa756eac74625e92b,435,2026-04-27T17:44:31.502323
DOC_000711,1,The Shawshank Redemption,1994,wiki,plot_setup,38d982054db95d43125a99ba5c6d4ef7f12f5649,434,2026-04-27T17:44:31.502323
DOC_000712,165,Silver Linings Playbook,2012,wiki,plot_setup,5794f43a5bbd10e690a3840307fb3900306ca717,431,2026-04-27T17:44:31.502323
DOC_000713,376,Free Guy,2021,wiki,plot_setup,de1dc592ff1844128eb2a12e6c7f3ff49ce8bb16,428,2026-04-27T17:44:31.502323
DOC_000714,144,Sin City,2005,imdb,imdb_synopsis,8227aa7fea212d3bdbc7801f1f432ea85f00000e,426,2026-04-27T17:44:31.502323
DOC_000715,37,GoodFellas,1990,imdb,imdb_synopsis,ce9284d6b6421e7abd789df98d3fe3df9b600ae5,425,2026-04-27T17:44:31.502323
DOC_000716,314,28 Days Later,2002,wiki,plot_setup,1b3ad3b5680ded3990a0d61722f7c8d1796192b0,425,2026-04-27T17:44:31.502323
DOC_000717,137,Full Metal Jacket,1987,wiki,plot_setup,8667a6fcb9b236e9bb503db8e883e3c5833aa861,424,2026-04-27T17:44:31.502323
DOC_000718,360,Aladdin,1992,wiki,plot_ending,8013119e27ef5fe0cfebbc51f8b482e777f1528f,422,2026-04-27T17:44:31.502323
DOC_000719,171,Trainspotting,1996,imdb,imdb_synopsis,a1ce64d3a2d389a7089c8262b2049f4026bac89e,422,2026-04-27T17:44:31.502323
DOC_000720,325,Cars,2006,imdb,imdb_synopsis,974dff696b077c9e51339aec27fc345b641de4fc,419,2026-04-27T17:44:31.502323
DOC_000721,317,The Fifth Element,1997,wiki,plot_setup,21c105fa1f3c4cdbfac6b4ce3c9794ad4d5cd383,419,2026-04-27T17:44:31.502323
DOC_000722,134,Arrival,2016,imdb,imdb_synopsis,c37fee06762d89c37e88a148bdaa0927be8b2b22,417,2026-04-27T17:44:31.502323
DOC_000723,129,Knives Out,2019,imdb,imdb_synopsis,2394b1cbb26d161c60123bc71a7ecbb14263fcde,416,2026-04-27T17:44:31.502323
DOC_000724,23,Saving Private Ryan,1998,wiki,plot_setup,fccb0397a44f5f061215ed6b437e30c438684b6e,411,2026-04-27T17:44:31.502323
DOC_000725,22,Shutter Island,2010,wiki,plot_setup,cd6e969e5111003f08cfada9299b345989264fc5,411,2026-04-27T17:44:31.502323
DOC_000726,53,Up,2009,imdb,imdb_synopsis,6b92e1a267316cdbd6c121859049fe152cd25a79,410,2026-04-27T17:44:31.502323
DOC_000727,89,12 Angry Men,1957,wiki,plot_setup,4270a4e1128b171387471b0f2ecddf8148e6a5a2,410,2026-04-27T17:44:31.502323
DOC_000728,107,The Hangover,2009,wiki,plot_setup,66012c1a93d2c88c4236ede26e7fdf76c8f326cc,410,2026-04-27T17:44:31.502323
DOC_000729,18,Inglourious Basterds,2009,wiki,plot_setup,c5698f01a6b34b0ee869d06cb0e77ca944a1dca0,409,2026-04-27T17:44:31.502323
DOC_000730,361,The Exorcist,1973,imdb,imdb_synopsis,48aed04c6e0dfca5dad84e0aac70ba9c878424f5,409,2026-04-27T17:44:31.502323
DOC_000731,212,Superbad,2007,wiki,plot_setup,9bc20cb74410b8853180743a630eb822661a13d3,408,2026-04-27T17:44:31.502323
DOC_000732,48,The Lion King,1994,imdb,imdb_synopsis,38dc4df9dbb42aee45e2a37d3d6902d1d4c09539,404,2026-04-27T17:44:31.502323
DOC_000733,93,The Grand Budapest Hotel,2014,imdb,imdb_synopsis,69607db2b0de319ea2aab2a6b5e18e203fd9e442,398,2026-04-27T17:44:31.502323
DOC_000734,167,Skyfall,2012,wiki,plot_setup,c12a97b01f285d421af6e9c625936a054ed74bfe,395,2026-04-27T17:44:31.502323
DOC_000735,224,Zodiac,2007,imdb,imdb_synopsis,388d6e20fe3bd946db6add018fb6b835729217b9,395,2026-04-27T17:44:31.502323
DOC_000736,203,There Will Be Blood,2007,wiki,plot_setup,23e6e7877ed8973bf9da9d8e7e5d3bf444606fd5,394,2026-04-27T17:44:31.502323
DOC_000737,97,Spirited Away,2003,imdb,imdb_synopsis,192d126275be840e3fd1cb394c9fef8f27366a05,393,2026-04-27T17:44:31.502323
DOC_000738,379,Stand by Me,1986,imdb,imdb_synopsis,18e71f8bb20da372c427f473dcd83e8a24e24d9a,391,2026-04-27T17:44:31.502323
DOC_000739,215,The Notebook,2004,wiki,plot_setup,c294095808029922c056f627943400c3e8868b56,388,2026-04-27T17:44:31.502323
DOC_000740,255,Blood Diamond,2006,imdb,imdb_synopsis,16e7d36f1e7dd459df02e9c045d5e4ecf2497bbf,385,2026-04-27T17:44:31.502323
DOC_000741,25,Schindler's List,1994,imdb,imdb_synopsis,d1da72c5a1c7b49c732ffe945588518f84d55c65,384,2026-04-27T17:44:31.502323
DOC_000742,4,Fight Club,1999,wiki,plot_setup,27254cc707944df73fcdd8a7da79d13945372564,381,2026-04-27T17:44:31.502323
DOC_000743,367,Passengers,2016,imdb,imdb_synopsis,cc1d003229717be4f42a5af505e5dae3154ba0b8,376,2026-04-27T17:44:31.502323
DOC_000744,151,Edge of Tomorrow,2014,wiki,plot_setup,6b671737556415c18c3abd7f3596d7e180adbbb9,375,2026-04-27T17:44:31.502323
DOC_000745,377,Jojo Rabbit,2019,imdb,imdb_synopsis,ae1ad1c1e5051acf3e3df1e48aba2e1636b5f4a9,375,2026-04-27T17:44:31.502323
DOC_000746,24,The Prestige,2006,imdb,imdb_synopsis,a10b0f71da3bf8c80d2bf354588848a4d1d3f676,374,2026-04-27T17:44:31.502323
DOC_000747,29,The Departed,2006,wiki,plot_setup,35b51b147230f0f46a0569df0702c40172cb13a8,374,2026-04-27T17:44:31.502323
DOC_000748,184,Pan's Labyrinth,2007,wiki,plot_setup,8c191b50afc90dd268bc354d3704d43ad56b32aa,366,2026-04-27T17:44:31.502323
DOC_000749,137,Full Metal Jacket,1987,imdb,imdb_synopsis,9534ddd83288c9b7ed5e81e4f72f551d234625a1,364,2026-04-27T17:44:31.502323
DOC_000750,370,In Bruges,2008,wiki,plot_setup,c9b51d7031aa12f1ded94dd3411f0129364ed2d3,363,2026-04-27T17:44:31.502323
DOC_000751,147,Get Out,2017,imdb,imdb_synopsis,942052b137d35ce52395cf9f4e8d2fbaa9cb9272,363,2026-04-27T17:44:31.502323
DOC_000752,310,Big Hero 6,2014,imdb,imdb_synopsis,29d75a1ed786d1d59df46c80879a38009b167eae,362,2026-04-27T17:44:31.502323
DOC_000753,384,Mean Girls,2004,imdb,imdb_synopsis,a43bfab823b8cd699c052d350db42bae24f37efe,361,2026-04-27T17:44:31.502323
DOC_000754,79,The Intouchables,2011,wiki,plot_setup,d423579530f92ab9db09ebcfb93fc704ae3ddeb9,360,2026-04-27T17:44:31.502323
DOC_000755,1,The Shawshank Redemption,1994,imdb,imdb_synopsis,9f576880c78723b7cee1f070f52706b4a4ecfd90,359,2026-04-27T17:44:31.502323
DOC_000756,48,The Lion King,1994,wiki,plot_setup,e0c66bb51e6ee3b1badd2660c73312448f593d45,358,2026-04-27T17:44:31.502323
DOC_000757,255,Blood Diamond,2006,wiki,plot_setup,0e2b95a4f931b47c52e521eff0947b565ea89ce8,357,2026-04-27T17:44:31.502323
DOC_000758,169,1917,2020,imdb,imdb_synopsis,ab6a81943f61d0fe7b8e0865c2e2f63c302a5914,356,2026-04-27T17:44:31.502323
DOC_000759,248,Shaun of the Dead,2004,imdb,imdb_synopsis,e421d7f810eb33e7eff3413b29dc809174049b46,354,2026-04-27T17:44:31.502323
DOC_000760,178,La La Land,2016,imdb,imdb_synopsis,c65695855bce4aab57f8da1d2ff828bdfded1b0b,351,2026-04-27T17:44:31.502323
DOC_000761,65,Gone Girl,2014,imdb,imdb_synopsis,c0651c59478be36c293f574f5e899fe3a43f7420,349,2026-04-27T17:44:31.502323
DOC_000762,326,Bullet Train,2022,imdb,imdb_synopsis,1590f4c4ac293971304742b0e6181f14ca7cd290,342,2026-04-27T17:44:31.502323
DOC_000763,240,Dead Poets Society,1989,wiki,plot_setup,d446b53cd43448d07361a2d990ac17f42ccd4ebc,336,2026-04-27T17:44:31.502323
DOC_000764,324,Spotlight,2015,imdb,imdb_synopsis,ce489ceeac699d0b7e67dea79d2735ad82b407b1,328,2026-04-27T17:44:31.502323
DOC_000765,259,Kick-Ass,2010,imdb,imdb_synopsis,dbfed085c0ca197b41ce4b6ae2c22ae7a4f42b4f,324,2026-04-27T17:44:31.502323
DOC_000766,236,L.A. Confidential,1997,wiki,plot_setup,de759e95924af82abcbee09994f09f0fd9f88d52,324,2026-04-27T17:44:31.502323
DOC_000767,61,Eternal Sunshine of the Spotless Mind,2004,wiki,plot_setup,b19ba5a247c819ef6c68f2a1832bef7e9573d56c,322,2026-04-27T17:44:31.502323
DOC_000768,35,Memento,2001,imdb,imdb_synopsis,56e28e9662579421887fe14f4f20a06179fd9a3b,320,2026-04-27T17:44:31.502323
DOC_000769,349,Moneyball,2011,imdb,imdb_synopsis,810681cbf7931caee044284fdb4af6e7d25b1633,319,2026-04-27T17:44:31.502323
DOC_000770,113,The Big Lebowski,1998,wiki,plot_setup,5384f647123767c401c52bce82df78717dd85f07,308,2026-04-27T17:44:31.502323
DOC_000771,127,The Imitation Game,2014,imdb,imdb_synopsis,12e09f9c8c0f4509b2785c6faf39d4afe6233205,303,2026-04-27T17:44:31.502323
DOC_000772,343,Training Day,2001,wiki,plot_setup,bf1d7f0e34f55c025bdbf47719f046434db0ef13,302,2026-04-27T17:44:31.502323
DOC_000773,139,Amélie,2002,imdb,imdb_synopsis,aaaeea9263144d0f17d31d2c5b1044da559b7d44,302,2026-04-27T17:44:31.502323
DOC_000774,52,Catch Me If You Can,2002,imdb,imdb_synopsis,e276b5853685c08813ce02c22a6f8192cf6d703a,302,2026-04-27T17:44:31.502323
DOC_000775,210,Into the Wild,2007,imdb,imdb_synopsis,fbd71f3e2937cd5da5f3f33936e6494c525836c7,299,2026-04-27T17:44:31.502323
DOC_000776,186,Casino Royale,2006,imdb,imdb_metadata,26c75081edf151cb86918aef184a626372a59da9,297,2026-04-27T17:44:31.502323
DOC_000777,82,Oppenheimer,2023,imdb,imdb_synopsis,7ab8475bd547910165d59330ab36013ecf973692,295,2026-04-27T17:44:31.502323
DOC_000778,388,Midsommar,2019,wiki,plot_setup,1e5177993d5c1c1541b6f35bb743a52431d95b50,294,2026-04-27T17:44:31.502323
DOC_000779,125,Blade Runner,1982,imdb,imdb_metadata,c067e11004c9736ab38d292c3acab8451f1d036f,291,2026-04-27T17:44:31.502323
DOC_000780,255,Blood Diamond,2006,imdb,imdb_metadata,8158abf92ae7f0704c1d8bcd7a09880ca254625e,289,2026-04-27T17:44:31.502323
DOC_000781,182,District 9,2009,imdb,imdb_metadata,a520858a30d7c25523d3eedb38c74a567b7e31b9,288,2026-04-27T17:44:31.502323
DOC_000782,319,Ready Player One,2018,imdb,imdb_metadata,c9d96bf7692a286c9f8b8f4294b9b8ec5b660699,288,2026-04-27T17:44:31.502323
DOC_000783,361,The Exorcist,1973,wiki,plot_setup,56f87f1807dc02898e5afa237d5fc33b473934e7,288,2026-04-27T17:44:31.502323
DOC_000784,321,The Big Short,2015,wiki,reception,ed99fb63d08012b3ee6217b85a1f374518a2e98e,286,2026-04-27T17:44:31.502323
DOC_000785,17,The Wolf of Wall Street,2013,imdb,imdb_synopsis,0bfbacc76f5c75dd5de893da58d50c668149f8c6,286,2026-04-27T17:44:31.502323
DOC_000786,58,Finding Nemo,2003,imdb,imdb_metadata,cc020e52cf5613bfe707deb7c621e4e990851b59,285,2026-04-27T17:44:31.502323
DOC_000787,167,Skyfall,2012,imdb,imdb_metadata,7394015fa9150ef5a428c5f1c9051e84685aea21,282,2026-04-27T17:44:31.502323
DOC_000788,377,Jojo Rabbit,2019,wiki,plot_setup,260954b81b56e5197f3c4528f8398d0f0c849d80,282,2026-04-27T17:44:31.502323
DOC_000789,24,The Prestige,2006,wiki,plot_setup,d3b99396bb7a0a51b9a182340c0628bab218b86e,281,2026-04-27T17:44:31.502323
DOC_000790,144,Sin City,2005,wiki,reception,10080790bb9a7a2cb00262357ff93cdcabc325ac,281,2026-04-27T17:44:31.502323
DOC_000791,392,Madagascar,2005,imdb,imdb_metadata,6bad29710746c0777cf796a384ed81ab9fbbe5b0,280,2026-04-27T17:44:31.502323
DOC_000792,376,Free Guy,2021,imdb,imdb_synopsis,5d7a8d6ace9288c6223fcdb863f59eb093cfc6c8,273,2026-04-27T17:44:31.502323
DOC_000793,357,The Mummy,1999,imdb,imdb_metadata,a8b10090ba19a93841da33cdbf73dff80683fd7d,272,2026-04-27T17:44:31.502323
DOC_000794,206,Life of Pi,2012,imdb,imdb_metadata,f9ee2b61001f29ea87ce8076a30611dd890a374d,270,2026-04-27T17:44:31.502323
DOC_000795,27,The Green Mile,1999,imdb,imdb_synopsis,9908aaf184ab38f5f2419f3e0784f73f7b7094a4,269,2026-04-27T17:44:31.502323
DOC_000796,85,The Pianist,2003,imdb,imdb_metadata,8f400a41c6ac635458583edf86076371060be417,267,2026-04-27T17:44:31.502323
DOC_000797,317,The Fifth Element,1997,imdb,imdb_metadata,abefd32d61adcfa2b4fe1af89be81f521a12d37b,265,2026-04-27T17:44:31.502323
DOC_000798,367,Passengers,2016,imdb,imdb_metadata,0aed8ce6abd14ac7cf60742c4d5ba62454156b84,264,2026-04-27T17:44:31.502323
DOC_000799,150,Dunkirk,2017,imdb,imdb_metadata,438199901a9c9c44a553b00f6fbbf85911665695,263,2026-04-27T17:44:31.502323
DOC_000800,86,The Martian,2015,imdb,imdb_metadata,64e3d6551205bdc4512fee7c34b78a049ec488dd,258,2026-04-27T17:44:31.502323
DOC_000801,3,Inception,2010,imdb,imdb_metadata,174c383a49c76e9ac98342bb1d4172aba6a2b638,256,2026-04-27T17:44:31.502323
DOC_000802,322,Sicario,2015,imdb,imdb_metadata,9f491c5bfc42ca4e97a0a32c9ca5f0c06742be72,254,2026-04-27T17:44:31.502323
DOC_000803,117,Slumdog Millionaire,2008,imdb,imdb_metadata,3e018f53129de5a4fcfd64482ec086e35eef2f91,254,2026-04-27T17:44:31.502323
DOC_000804,219,Green Book,2018,imdb,imdb_metadata,6f47b8baf88b59eb8faed11a207c91cbf8a29b4f,254,2026-04-27T17:44:31.502323
DOC_000805,70,The Sixth Sense,1999,wiki,plot_setup,bfee78141b48c2c143134b250070702d8e5d1a8b,254,2026-04-27T17:44:31.502323
DOC_000806,325,Cars,2006,imdb,imdb_metadata,17991de2328c5a4fa198b85ea294806b9ce6cb44,253,2026-04-27T17:44:31.502323
DOC_000807,236,L.A. Confidential,1997,wiki,lead_section,046abee891c0cd4f666e3538dc5d423893cf5f8e,252,2026-04-27T17:44:31.502323
DOC_000808,377,Jojo Rabbit,2019,imdb,imdb_metadata,f743cf1190bce9d4073620dc161f7cae42cc810e,252,2026-04-27T17:44:31.502323
DOC_000809,359,Predator,1987,imdb,imdb_metadata,666e568c20c092585e671fd5fffaa0ba9a19763b,252,2026-04-27T17:44:31.502323
DOC_000810,60,No Country for Old Men,2007,wiki,plot_setup,509ec974d6df584d812e0885af28c633764e7100,252,2026-04-27T17:44:31.502323
DOC_000811,352,Gangs of New York,2002,imdb,imdb_metadata,90d1b4d1a5fcafe22a1fed45d6bc0bf51cfdfd0b,251,2026-04-27T17:44:31.502323
DOC_000812,169,1917,2020,imdb,imdb_metadata,984ca946c53eeed1448db1d4566f26da0029db33,250,2026-04-27T17:44:31.502323
DOC_000813,339,Captain Phillips,2013,imdb,imdb_metadata,80bdceaed1b204462503fbfa1b59ee4cf63a58ce,250,2026-04-27T17:44:31.502323
DOC_000814,254,Everything Everywhere All at Once,2022,imdb,imdb_metadata,4e3973d549be8ac8491b1f8886c57b25ba2dc606,249,2026-04-27T17:44:31.502323
DOC_000815,205,Coco,2017,imdb,imdb_metadata,f842950476457a145628dbb49e65c9fa09969ef7,249,2026-04-27T17:44:31.502323
DOC_000816,82,Oppenheimer,2023,imdb,imdb_metadata,a179d83255c2d303f4f9baa923a2450a3932683c,249,2026-04-27T17:44:31.502323
DOC_000817,48,The Lion King,1994,imdb,imdb_metadata,ce3bfc66731bc79bf3293bb71657bdaf940dce81,249,2026-04-27T17:44:31.502323
DOC_000818,56,Good Will Hunting,1998,imdb,imdb_synopsis,3c9891116a1d73cb8f624acc45e83ae35ed3166c,249,2026-04-27T17:44:31.502323
DOC_000819,354,The Last Samurai,2003,imdb,imdb_metadata,dec01693c522e83a3582ed54730272a9d1badbc1,248,2026-04-27T17:44:31.502323
DOC_000820,67,Braveheart,1995,wiki,plot_ending,720fe65467344540b2289138d1d8e05f4f34b005,246,2026-04-27T17:44:31.502323
DOC_000821,232,Argo,2012,imdb,imdb_metadata,e8ec5bc450de64297133525827be9cd8fb280888,245,2026-04-27T17:44:31.502323
DOC_000822,350,The Theory of Everything,2014,imdb,imdb_metadata,08273672f738986dd1eaa3b8d3462ff3c311fb4e,245,2026-04-27T17:44:31.502323
DOC_000823,225,Taken,2008,imdb,imdb_metadata,7e4db1f976f25ff147cb65d608cd29e1e6e42894,244,2026-04-27T17:44:31.502323
DOC_000824,220,Baby Driver,2017,imdb,imdb_metadata,1b46178ab6af80f82018410030aaa1d86ff04f4d,244,2026-04-27T17:44:31.502323
DOC_000825,372,Elysium,2013,imdb,imdb_metadata,216c63738d9e8502677ad3fe1d12875516718b7f,243,2026-04-27T17:44:31.502323
DOC_000826,5,Interstellar,2014,imdb,imdb_metadata,f9f0d4d7636c25e207eb6e742864b88c6c5924b2,243,2026-04-27T17:44:31.502323
DOC_000827,316,Tangled,2010,imdb,imdb_metadata,3d793cbc5abc98131dcf73270d3ddc6a6b5f22f5,243,2026-04-27T17:44:31.502323
DOC_000828,374,Tropic Thunder,2008,imdb,imdb_metadata,2437c7e08af62ac5ad1b4d78d46d3def0fe059cd,242,2026-04-27T17:44:31.502323
DOC_000829,208,Prometheus,2012,imdb,imdb_metadata,2b46cca501709753c85622918182e77723686851,241,2026-04-27T17:44:31.502323
DOC_000830,114,Inside Out,2015,imdb,imdb_metadata,8d9fcd4efb2977eab191cef6420e1b7e286a1416,241,2026-04-27T17:44:31.502323
DOC_000831,16,Gladiator,2000,imdb,imdb_metadata,38256d9208c52b731d28f2f90c50f8256887c980,241,2026-04-27T17:44:31.502323
DOC_000832,217,Tenet,2020,imdb,imdb_metadata,fa8bc9ef613e343284706044ff813915ead640f1,241,2026-04-27T17:44:31.502323
DOC_000833,51,The Usual Suspects,1995,imdb,imdb_metadata,9878a172767c80271d8fd9305add610ac5bd9035,241,2026-04-27T17:44:31.502323
DOC_000834,70,The Sixth Sense,1999,imdb,imdb_metadata,5e3b9ff80f0afe42960316b57ae221ca55b6cc32,240,2026-04-27T17:44:31.502323
DOC_000835,52,Catch Me If You Can,2002,imdb,imdb_metadata,be1febd140a2b5ab5d328888a7e84d8ff668c823,239,2026-04-27T17:44:31.502323
DOC_000836,239,Casablanca,1943,imdb,imdb_metadata,cda4fb472f11bd966bdbc3705a1b502e19ca757f,238,2026-04-27T17:44:31.502323
DOC_000837,25,Schindler's List,1994,imdb,imdb_metadata,70bab8f83bf7a1ccd0e4e2a07cf7a41407ffca05,238,2026-04-27T17:44:31.502323
DOC_000838,24,The Prestige,2006,imdb,imdb_metadata,78cecbdfff737d85b2e778979c98aa2ba2d7e3b4,238,2026-04-27T17:44:31.502323
DOC_000839,31,Avatar,2009,imdb,imdb_metadata,0175991e13a6c50f3aa8ab0dfc3cf6a0e7fb2318,237,2026-04-27T17:44:31.502323
DOC_000840,361,The Exorcist,1973,imdb,imdb_metadata,ff72f279943533aa93cfc5954d5ed8ae872c9020,236,2026-04-27T17:44:31.502323
DOC_000841,376,Free Guy,2021,imdb,imdb_metadata,c9487110fb5c37f47fcca8fecc3d7acdfba516fd,236,2026-04-27T17:44:31.502323
DOC_000842,364,The Hurt Locker,2009,imdb,imdb_metadata,c53ade61f4c7913a54285ccd45babb0276e52b0c,236,2026-04-27T17:44:31.502323
DOC_000843,343,Training Day,2001,imdb,imdb_metadata,a247f905eed368ea27a0ba33b02f7230c8600311,236,2026-04-27T17:44:31.502323
DOC_000844,160,2001: A Space Odyssey,1968,imdb,imdb_metadata,feac485ee6f455f404fc982f7fdd821593c90209,235,2026-04-27T17:44:31.502323
DOC_000845,21,Joker,2019,imdb,imdb_metadata,87db9149dd4fc20e6b25de0a3964f2fd1a704abc,234,2026-04-27T17:44:31.502323
DOC_000846,155,Fargo,1996,imdb,imdb_metadata,14b9ff179a9ea3e6035dc306cae6f50f34da2a66,234,2026-04-27T17:44:31.502323
DOC_000847,137,Full Metal Jacket,1987,imdb,imdb_metadata,920a62f88c0e1abe5dc7eaf9baac5575b8c1768c,234,2026-04-27T17:44:31.502323
DOC_000848,390,Room,2015,imdb,imdb_metadata,6501a9cbcd029296dc2be65ddec108915658378e,233,2026-04-27T17:44:31.502323
DOC_000849,78,Die Hard,1988,imdb,imdb_metadata,1b99cbbfa5ce5b4d13f049fa39b341b34cc254e5,233,2026-04-27T17:44:31.502323
DOC_000850,238,A Quiet Place,2018,imdb,imdb_metadata,5631b90755b393fa8f6cc67d2c19b6422d18b3e6,233,2026-04-27T17:44:31.502323
DOC_000851,67,Braveheart,1995,imdb,imdb_metadata,f642c9a44137e68191161f55f4f3d77c2b9a4fe9,233,2026-04-27T17:44:31.502323
DOC_000852,328,Lost in Translation,2003,imdb,imdb_metadata,edbb650868c51feef4879eb94919c5000354d58d,233,2026-04-27T17:44:31.502323
DOC_000853,29,The Departed,2006,imdb,imdb_metadata,0d928d3a0ad6a4cf2b7142e6cfccdf3cf867f530,232,2026-04-27T17:44:31.502323
DOC_000854,134,Arrival,2016,imdb,imdb_metadata,6dad997bce1968deeba89dc813bbc4ecfb89ee79,232,2026-04-27T17:44:31.502323
DOC_000855,36,Titanic,1997,imdb,imdb_metadata,da6e7d7141a9962a4c285a88bc7527273d269d7f,232,2026-04-27T17:44:31.502323
DOC_000856,130,City of God,2004,imdb,imdb_metadata,73a7688d7c03ac21059502b93960a436a87a380e,232,2026-04-27T17:44:31.502323
DOC_000857,251,Zootopia,2016,imdb,imdb_metadata,5ed031729e3463a35815b60c1b1a83b3e0cec870,232,2026-04-27T17:44:31.502323
DOC_000858,8,The Matrix,1999,imdb,imdb_metadata,b1a3b1792a842968d13bde0292853ef97c5407b8,232,2026-04-27T17:44:31.502323
DOC_000859,18,Inglourious Basterds,2009,imdb,imdb_metadata,f45cf688deedb9ff28efc24c180f67cb27a47356,232,2026-04-27T17:44:31.502323
DOC_000860,314,28 Days Later,2002,imdb,imdb_metadata,aaec779bb794cca15df8a61d5585c939b386e2a6,230,2026-04-27T17:44:31.502323
DOC_000861,147,Get Out,2017,imdb,imdb_metadata,3277d39c2acd8d8d34a439b357b124accd480dc5,230,2026-04-27T17:44:31.502323
DOC_000862,370,In Bruges,2008,imdb,imdb_metadata,a29041b087cea1af6c92e0c914ee42917b28279c,230,2026-04-27T17:44:31.502323
DOC_000863,103,Ratatouille,2007,imdb,imdb_metadata,1b01fc475f76b033e08ef962b3c9126debf638d4,230,2026-04-27T17:44:31.502323
DOC_000864,345,Howl's Moving Castle,2004,imdb,imdb_metadata,22d39d5834f226932a240f662486ff09f69cc179,230,2026-04-27T17:44:31.502323
DOC_000865,15,Django Unchained,2012,imdb,imdb_metadata,e7a8d35605ee13a6ed61db07986eb6c599daa5db,229,2026-04-27T17:44:31.502323
DOC_000866,113,The Big Lebowski,1998,imdb,imdb_metadata,78d1c93af70ea7ee921d18a76fd45f90503fcfb2,228,2026-04-27T17:44:31.502323
DOC_000867,59,Mad Max: Fury Road,2015,imdb,imdb_metadata,2dbb17718bfb9f2687cebedef11229aa212d53c0,228,2026-04-27T17:44:31.502323
DOC_000868,17,The Wolf of Wall Street,2013,imdb,imdb_metadata,332d62d4cf6a6a14331bf4971c9421bb19312bf1,228,2026-04-27T17:44:31.502323
DOC_000869,245,Bohemian Rhapsody,2018,imdb,imdb_metadata,f36ca4170721840e83d03584e551a28f51bbc5fc,227,2026-04-27T17:44:31.502323
DOC_000870,170,Apocalypse Now,1979,imdb,imdb_metadata,2d402eb8002781522453b9444b3b6ba1a58b8cb1,227,2026-04-27T17:44:31.502323
DOC_000871,93,The Grand Budapest Hotel,2014,imdb,imdb_metadata,8286cb4fc7176652aed4285cf93d17ef89102a17,227,2026-04-27T17:44:31.502323
DOC_000872,178,La La Land,2016,imdb,imdb_metadata,f3c02457f1bc39c9f85bdb0adad88be040e80f54,227,2026-04-27T17:44:31.502323
DOC_000873,139,Amélie,2002,imdb,imdb_metadata,4854e0496a8e2dbe55019b9a149e59ea36945979,227,2026-04-27T17:44:31.502323
DOC_000874,194,The King's Speech,2010,imdb,imdb_metadata,fe61022d369904351fba30250ccb38193d02d6e2,227,2026-04-27T17:44:31.502323
DOC_000875,229,Barbie,2023,imdb,imdb_metadata,a8c90ba6cc7a415ca234fd1e0f1e48f8f67467b4,227,2026-04-27T17:44:31.502323
DOC_000876,37,GoodFellas,1990,imdb,imdb_metadata,722cdffa03596f0b72b2b5bdd0f7cb7c209663ff,226,2026-04-27T17:44:31.502323
DOC_000877,105,A Clockwork Orange,1971,imdb,imdb_metadata,904c5a4a8dfbed9ea2a91929efdbc97de8870c79,226,2026-04-27T17:44:31.502323
DOC_000878,127,The Imitation Game,2014,imdb,imdb_metadata,14683846cee9404d9f65852429e619850a80a2a8,225,2026-04-27T17:44:31.502323
DOC_000879,214,Cast Away,2000,wiki,plot_setup,b57803eb10bdbb368516832eae4ea9706dc99db1,225,2026-04-27T17:44:31.502323
DOC_000880,210,Into the Wild,2007,imdb,imdb_metadata,e044fb8738587b00333889188c879ed6cda2b5bd,225,2026-04-27T17:44:31.502323
DOC_000881,148,Life Is Beautiful,1997,imdb,imdb_metadata,46f134d19690907050ad96a782dae336dc07372d,225,2026-04-27T17:44:31.502323
DOC_000882,27,The Green Mile,1999,imdb,imdb_metadata,50a1aeda1ecffeb5166395b31765bc930d07c1a0,224,2026-04-27T17:44:31.502323
DOC_000883,257,Minority Report,2002,imdb,imdb_metadata,b3cce2c0feb3032064cadef2e22b3c6101cb0480,224,2026-04-27T17:44:31.502323
DOC_000884,326,Bullet Train,2022,imdb,imdb_metadata,1023cd5c71b9211382dc0375c6dd9c65aaf16961,224,2026-04-27T17:44:31.502323
DOC_000885,53,Up,2009,imdb,imdb_metadata,1d88c7046fbdc7a1dc2b818b7451ede08e52d1cb,224,2026-04-27T17:44:31.502323
DOC_000886,247,Ex Machina,2014,imdb,imdb_metadata,51b8a90731107d59d96c58605af5ebcaa78109cc,223,2026-04-27T17:44:31.502323
DOC_000887,60,No Country for Old Men,2007,imdb,imdb_metadata,548fa08427c39ea8f46c420c5b1eb3195ad8812c,223,2026-04-27T17:44:31.502323
DOC_000888,191,Groundhog Day,1993,imdb,imdb_metadata,74a72d7cdd6310289380693adf61c4cc51ea428f,222,2026-04-27T17:44:31.502323
DOC_000889,177,Drive,2011,imdb,imdb_metadata,95c256943033d1f7b254388f889ddde789ae18fb,222,2026-04-27T17:44:31.502323
DOC_000890,340,American Hustle,2013,imdb,imdb_metadata,3dfa61ab02f54a45ba8e1f2334ae1ab477aab539,222,2026-04-27T17:44:31.502323
DOC_000891,97,Spirited Away,2003,imdb,imdb_metadata,dc3e1fc4c17929074664e0376a729aa94109f064,222,2026-04-27T17:44:31.502323
DOC_000892,360,Aladdin,1992,imdb,imdb_metadata,c5e737dc4eea77dd7548574175ccbcfbc0cb4aeb,222,2026-04-27T17:44:31.502323
DOC_000893,248,Shaun of the Dead,2004,imdb,imdb_metadata,4d2120e4014bd827f7f8643b66e46e19aed72b2c,221,2026-04-27T17:44:31.502323
DOC_000894,327,The Devil Wears Prada,2006,imdb,imdb_metadata,caf07a2bcb119042c8239351ab8ffebd4f065b78,221,2026-04-27T17:44:31.502323
DOC_000895,79,The Intouchables,2011,imdb,imdb_metadata,13d71080a56b6b5a49e471fc21bed0afaed2904d,221,2026-04-27T17:44:31.502323
DOC_000896,35,Memento,2001,imdb,imdb_metadata,31d04217a80192ee6a50bbf0fbe0010ad9f49c7f,221,2026-04-27T17:44:31.502323
DOC_000897,165,Silver Linings Playbook,2012,imdb,imdb_metadata,812a1814d8737f31f35d4c3cdae15c86e996e09b,220,2026-04-27T17:44:31.502323
DOC_000898,65,Gone Girl,2014,imdb,imdb_metadata,b752a71890d50e635db0ec10d4ecf266619c82cd,220,2026-04-27T17:44:31.502323
DOC_000899,201,Frozen,2013,imdb,imdb_metadata,3d2d4de5ca55dd143e928c31172d728c339090af,220,2026-04-27T17:44:31.502323
DOC_000900,214,Cast Away,2000,imdb,imdb_metadata,ee35838fd15f211f36b652a99aeead9ae44ee7c8,220,2026-04-27T17:44:31.502323
DOC_000901,149,Shrek,2001,imdb,imdb_metadata,4666f25bc7c726cf75f1b73764e55c6998684eb9,219,2026-04-27T17:44:31.502323
DOC_000902,174,Million Dollar Baby,2005,imdb,imdb_metadata,479d62d4d0108d082b9ae5e59306700b0bcebd57,218,2026-04-27T17:44:31.502323
DOC_000903,198,Transformers,2007,imdb,imdb_metadata,735e7e2f6e5a879be9df21b5090904e7ee3294b7,218,2026-04-27T17:44:31.502323
DOC_000904,259,Kick-Ass,2010,imdb,imdb_metadata,c054f68ba9de5217d930791f8d14ed541cee8d06,217,2026-04-27T17:44:31.502323
DOC_000905,124,Black Swan,2010,imdb,imdb_metadata,c8b2633f2ef2f65b7843a91cbe7811b92ce848a1,217,2026-04-27T17:44:31.502323
DOC_000906,80,Taxi Driver,1976,imdb,imdb_metadata,abfd4275cfa229bbbc5855029b40c9406c38fe63,217,2026-04-27T17:44:31.502323
DOC_000907,146,The Social Network,2010,imdb,imdb_metadata,5a7033179bd182acdfe51b67a36c95768520a3ae,216,2026-04-27T17:44:31.502323
DOC_000908,7,Pulp Fiction,1994,imdb,imdb_metadata,2597ff919647eeb5c89c6065f36f36bc76d2d580,216,2026-04-27T17:44:31.502323
DOC_000909,313,Dallas Buyers Club,2013,imdb,imdb_metadata,ffe9db493f8a9f6d506441422a7f320b0afae559,216,2026-04-27T17:44:31.502323
DOC_000910,144,Sin City,2005,imdb,imdb_metadata,1e3053381ebd40f25cc8b01a3e0ffa6127fb41b6,215,2026-04-27T17:44:31.502323
DOC_000911,216,Rocky,1976,imdb,imdb_metadata,244b120a8bab49ad62dc016cc3386f90d5b7440c,215,2026-04-27T17:44:31.502323
DOC_000912,107,The Hangover,2009,imdb,imdb_metadata,06857b87b1fc20b7fe4de742d90611b529ac929c,215,2026-04-27T17:44:31.502323
DOC_000913,106,Prisoners,2013,imdb,imdb_metadata,d5fc2d2168739e0336cd06d8d7744cd3d0140e7e,214,2026-04-27T17:44:31.502323
DOC_000914,4,Fight Club,1999,imdb,imdb_metadata,717cc91e05a3f2db0de9331a0e92c44a04981c61,214,2026-04-27T17:44:31.502323
DOC_000915,50,V for Vendetta,2006,imdb,imdb_metadata,5006e1a26f05eacc56cdd048c3a0cd573c7f3377,214,2026-04-27T17:44:31.502323
DOC_000916,310,Big Hero 6,2014,imdb,imdb_metadata,db84a19e4f65bd80179938efaf21f483d1398898,214,2026-04-27T17:44:31.502323
DOC_000917,22,Shutter Island,2010,imdb,imdb_metadata,4c8bbba8edb3d215d050c54b5984581ee9eb5131,214,2026-04-27T17:44:31.502323
DOC_000918,242,Limitless,2011,imdb,imdb_metadata,828592b24f0b5693a525ab480bb4e7b59980bd9f,214,2026-04-27T17:44:31.502323
DOC_000919,362,Wreck-It Ralph,2012,imdb,imdb_metadata,cc33fa55a925d1695b7204061d83dfe263a06169,214,2026-04-27T17:44:31.502323
DOC_000920,158,Psycho,1960,imdb,imdb_metadata,b323cdaae7fb95b17e407a0e70885f1e17270351,213,2026-04-27T17:44:31.502323
DOC_000921,329,Warrior,2011,imdb,imdb_metadata,389ad13bced2af9c4769140818652e5d31782df6,213,2026-04-27T17:44:31.502323
DOC_000922,192,Jaws,1975,imdb,imdb_metadata,615cb43a252e1f9623778dd9f6f9bac646533131,212,2026-04-27T17:44:31.502323
DOC_000923,62,Jurassic Park,1993,imdb,imdb_metadata,98e34c1dddb44c92cae819d3007b7655cc21f528,212,2026-04-27T17:44:31.502323
DOC_000924,384,Mean Girls,2004,imdb,imdb_metadata,6bcd4e8c3f51ab3e2a3cea08a500f3427db1620c,212,2026-04-27T17:44:31.502323
DOC_000925,188,Home Alone,1990,imdb,imdb_metadata,41447eba9650b1a8622ad0e48259ae2ae7f82ea8,211,2026-04-27T17:44:31.502323
DOC_000926,240,Dead Poets Society,1989,imdb,imdb_metadata,3628cbb8296909c2a12ff6317f352c8882a2a613,211,2026-04-27T17:44:31.502323
DOC_000927,305,Little Miss Sunshine,2006,imdb,imdb_metadata,bb8b0eff04004fbcfa18f147c9428e47218d1369,211,2026-04-27T17:44:31.502323
DOC_000928,381,Ghostbusters,1984,imdb,imdb_metadata,6d302b501299415a24b1e3e7c1a796ba77929854,211,2026-04-27T17:44:31.502323
DOC_000929,43,WALL·E,2008,imdb,imdb_metadata,984731e3afaba083d780017f95109c5f9e8d84e4,211,2026-04-27T17:44:31.502323
DOC_000930,63,Toy Story,1995,imdb,imdb_metadata,2a0231f93b1063985362017bb1b17f2a9ef3e992,210,2026-04-27T17:44:31.502323
DOC_000931,142,John Wick,2014,imdb,imdb_metadata,f99e7cde03a3b7153745da78fc9d46ae5900d149,210,2026-04-27T17:44:31.502323
DOC_000932,23,Saving Private Ryan,1998,imdb,imdb_metadata,494fca43ee0709af7ba7d01172929c0be1720b33,210,2026-04-27T17:44:31.502323
DOC_000933,231,Zombieland,2009,imdb,imdb_metadata,a49c43a8a3b47a55c34d6aee9c063ac628e3a897,210,2026-04-27T17:44:31.502323
DOC_000934,9,The Godfather,1972,imdb,imdb_metadata,dbbbae180dde69716dc7d6466beaa621db100a42,210,2026-04-27T17:44:31.502323
DOC_000935,379,Stand by Me,1986,imdb,imdb_metadata,4a52a09f3788056a8d0f08d03d5647d422d496e2,209,2026-04-27T17:44:31.502323
DOC_000936,19,The Silence of the Lambs,1991,imdb,imdb_metadata,14e8d88b540a0244985a3ab440ffe0066638473c,209,2026-04-27T17:44:31.502323
DOC_000937,306,The Butterfly Effect,2004,imdb,imdb_metadata,dce7d3fa03662daaed8e67e7b1a0cb6504875cb3,209,2026-04-27T17:44:31.502323
DOC_000938,382,The Princess Bride,1987,imdb,imdb_metadata,fdd2a3246f642ed425b756d599f4c8da7b566c0d,209,2026-04-27T17:44:31.502323
DOC_000939,151,Edge of Tomorrow,2014,imdb,imdb_metadata,3374678996aa5aac60b686f6da1cbb2153a027d4,209,2026-04-27T17:44:31.502323
DOC_000940,203,There Will Be Blood,2007,imdb,imdb_metadata,5b0aa8da9c412b7ec842ec2216548f925d3ae569,209,2026-04-27T17:44:31.502323
DOC_000941,262,Casino,1995,imdb,imdb_metadata,3ecbc60a36bcb572274a06f248ec46750a2997a0,208,2026-04-27T17:44:31.502323
DOC_000942,349,Moneyball,2011,imdb,imdb_metadata,b829e9ce59ea44ed477e738baac0d72b03b9825c,208,2026-04-27T17:44:31.502323
DOC_000943,230,Nightcrawler,2014,imdb,imdb_metadata,ac5c671bf9f53db44fc011273794f79428098c67,208,2026-04-27T17:44:31.502323
DOC_000944,336,Mystic River,2003,imdb,imdb_metadata,edb59f03bb0e4323b5111d1378be16aa88716f2f,208,2026-04-27T17:44:31.502323
DOC_000945,74,Alien,1979,imdb,imdb_metadata,33632e6f5cd236d1871b4d5829087a038a0320fd,208,2026-04-27T17:44:31.502323
DOC_000946,253,Looper,2012,imdb,imdb_metadata,003ac1e38c10067bd3e69cbbe3a40dc0219ede75,207,2026-04-27T17:44:31.502323
DOC_000947,146,The Social Network,2010,wiki,plot_setup,254da264707b1b4308534fe04921e6a570741e28,207,2026-04-27T17:44:31.502323
DOC_000948,324,Spotlight,2015,imdb,imdb_metadata,978ecb5eba6f7a042a6977d03af367ff16b644b5,207,2026-04-27T17:44:31.502323
DOC_000949,129,Knives Out,2019,imdb,imdb_metadata,bd0fbbfb317206e7fd4b00d1ef82e5aa7bf0c6d2,207,2026-04-27T17:44:31.502323
DOC_000950,369,Citizen Kane,1941,imdb,imdb_metadata,78291da8b7ed8cc2ce33f246db6dbe438b3e5298,206,2026-04-27T17:44:31.502323
DOC_000951,196,Her,2014,imdb,imdb_metadata,81ecdc4afd5660ead53e52b24b5b3f7019dd2919,205,2026-04-27T17:44:31.502323
DOC_000952,243,Independence Day,1996,imdb,imdb_metadata,9dc1189df28e3776e692fbfacf5282bbaba5cced,204,2026-04-27T17:44:31.502323
DOC_000953,184,Pan's Labyrinth,2007,imdb,imdb_metadata,9bc48361cb06fd504b22b232b996d9061e5aa29b,204,2026-04-27T17:44:31.502323
DOC_000954,171,Trainspotting,1996,imdb,imdb_metadata,b8b7a4f6324457cbb10b19fdc25857e75f1b4ed3,204,2026-04-27T17:44:31.502323
DOC_000955,75,A Beautiful Mind,2002,imdb,imdb_metadata,5c61de19a2174fdb9cbea72de59e3b92015a1274,204,2026-04-27T17:44:31.502323
DOC_000956,140,American Psycho,2000,imdb,imdb_metadata,760ce8afd5b7f33203a5ca23c7f5c0219ce008db,204,2026-04-27T17:44:31.502323
DOC_000957,388,Midsommar,2019,imdb,imdb_metadata,52d370b925b54a75c7565a5826764e22c4e5766c,204,2026-04-27T17:44:31.502323
DOC_000958,260,Split,2016,imdb,imdb_metadata,9e325da27c3ff2172723d531e3409bab06d6f99d,203,2026-04-27T17:44:31.502323
DOC_000959,128,I Am Legend,2007,imdb,imdb_metadata,ffb72a08f3670a6d41ab79654ae92b07a8dd336c,202,2026-04-27T17:44:31.502323
DOC_000960,59,Mad Max: Fury Road,2015,wiki,plot_setup,c914e6bfcdfb520e791beaac118228f596c3c7e6,202,2026-04-27T17:44:31.502323
DOC_000961,47,American History X,1998,imdb,imdb_metadata,a1221d2abe85d92900caf398f23c850aa899969c,202,2026-04-27T17:44:31.502323
DOC_000962,66,Parasite,2019,imdb,imdb_metadata,c5044a08c8677e2ef95988a4f08d06defc60cd6a,202,2026-04-27T17:44:31.502323
DOC_000963,321,The Big Short,2015,imdb,imdb_metadata,1b2edd4e7124fe97f54d778d3590cb9112e1b075,201,2026-04-27T17:44:31.502323
DOC_000964,168,Now You See Me,2013,imdb,imdb_metadata,30b323e746a272894f405296cdc79ee23f37aae3,201,2026-04-27T17:44:31.502323
DOC_000965,61,Eternal Sunshine of the Spotless Mind,2004,imdb,imdb_metadata,c79daf94ec486201907b1d75a71ef79b13907b81,200,2026-04-27T17:44:31.502323
DOC_000966,363,The Menu,2022,imdb,imdb_metadata,9f49aed1c73d9bbae069b3c09b42fce2e502cc5b,200,2026-04-27T17:44:31.502323
DOC_000967,91,Requiem for a Dream,2000,imdb,imdb_metadata,81f84aad9a9f878681f92a9f9ff3268de70d3aee,200,2026-04-27T17:44:31.502323
DOC_000968,89,12 Angry Men,1957,imdb,imdb_metadata,b89bb7b593ef7242a5854296cfa6896b0b4b8a8d,199,2026-04-27T17:44:31.502323
DOC_000969,236,L.A. Confidential,1997,imdb,imdb_metadata,07e441066a59d8a79f33a5103980c5ca06ffd741,199,2026-04-27T17:44:31.502323
DOC_000970,90,Snatch,2000,imdb,imdb_metadata,9c8bd9a0ad8e8306427b78c1fbe6841a41b8b0b8,199,2026-04-27T17:44:31.502323
DOC_000971,69,Whiplash,2014,imdb,imdb_metadata,990efcbbdda73671ee8d69c3f77a78247bf9de60,198,2026-04-27T17:44:31.502323
DOC_000972,256,The Conjuring,2013,imdb,imdb_metadata,ea5004c3950094783d3daa43a4d4d452138d5666,197,2026-04-27T17:44:31.502323
DOC_000973,54,The Shining,1980,imdb,imdb_metadata,3b07f59f88a8b63be60fc94a7272bb749bcbcf8c,197,2026-04-27T17:44:31.502323
DOC_000974,1,The Shawshank Redemption,1994,imdb,imdb_metadata,f0b88eaf2ffb52e723ab443ca64180fd5df14192,194,2026-04-27T17:44:31.502323
DOC_000975,38,The Truman Show,1998,imdb,imdb_metadata,80e56b0b7bad2fa5176e8118518f594aa9bc9368,194,2026-04-27T17:44:31.502323
DOC_000976,51,The Usual Suspects,1995,wiki,plot_setup,7f8b7bb086d386aa6e7a45b8ce39e47a8c5d7028,194,2026-04-27T17:44:31.502323
DOC_000977,224,Zodiac,2007,imdb,imdb_metadata,6d3b4f7778e9a3b430cfca467a35f46d3d7cc338,193,2026-04-27T17:44:31.502323
DOC_000978,68,One Flew Over the Cuckoo's Nest,1975,imdb,imdb_metadata,875fc65fa81f4dec1d196e7d859dd15b5b826306,192,2026-04-27T17:44:31.502323
DOC_000979,116,Donnie Darko,2001,imdb,imdb_metadata,fbd34486abd95fa5c531590e7dd83694d1128823,191,2026-04-27T17:44:31.502323
DOC_000980,6,Forrest Gump,1994,imdb,imdb_metadata,2dff3ac1885883e84724698e71abaaab0117d389,191,2026-04-27T17:44:31.502323
DOC_000981,135,Gran Torino,2008,imdb,imdb_metadata,adca041a932f94dd4faf314685cab800528b9bdf,191,2026-04-27T17:44:31.502323
DOC_000982,56,Good Will Hunting,1998,imdb,imdb_metadata,7c43e5d10be9da769f05bf03c1e218d25dcbefb4,191,2026-04-27T17:44:31.502323
DOC_000983,330,The Help,2011,imdb,imdb_metadata,55d69d766065c24f385437c7de2c1c40857748ba,189,2026-04-27T17:44:31.502323
DOC_000984,386,In Time,2011,imdb,imdb_metadata,3eca334e56a92d60f55de1c2ca4ee5707acc87d3,188,2026-04-27T17:44:31.502323
DOC_000985,312,Top Gun,1986,imdb,imdb_metadata,2891b47529affd8dd1a87afeaa347691856922f9,187,2026-04-27T17:44:31.502323
DOC_000986,200,Oldboy,2003,imdb,imdb_metadata,489342306319ff7622e6c233bd092a20ab0fe3df,185,2026-04-27T17:44:31.502323
DOC_000987,215,The Notebook,2004,imdb,imdb_metadata,df384beab507286ddc4908d7065f15aa97cab560,184,2026-04-27T17:44:31.502323
DOC_000988,46,American Beauty,1999,imdb,imdb_metadata,ef9092fa65020f43c990cf70a6c40c945976cdc3,184,2026-04-27T17:44:31.502323
DOC_000989,64,Reservoir Dogs,1992,imdb,imdb_metadata,28ffe1d4b509fa9a59e7a844218351c7e07ec98a,183,2026-04-27T17:44:31.502323
DOC_000990,212,Superbad,2007,imdb,imdb_metadata,cb324875a65821b71521fd152f1d672fc4baa9b5,180,2026-04-27T17:44:31.502323
DOC_000991,152,Heat,1995,imdb,imdb_metadata,df8f0a53c4187405235dab8d400e0e13aee3fc79,180,2026-04-27T17:44:31.502323
DOC_000992,84,Scarface,1983,imdb,imdb_metadata,a098271c13d174d7a2f78db18119d9b261b54900,178,2026-04-27T17:44:31.502323
DOC_000993,389,3 Idiots,2009,imdb,imdb_metadata,9292e4e4b8e1c5d353b93fb571d9ec84171913b3,171,2026-04-27T17:44:31.502323
DOC_000994,360,Aladdin,1992,wiki,plot_setup,6e9470895049d146319de3ab69f1f43b1781f43b,171,2026-04-27T17:44:31.502323
DOC_000995,127,The Imitation Game,2014,wiki,plot_setup,1ef479189798c053d5a282d16d465de7f361c6a0,148,2026-04-27T17:44:31.502323
DOC_000996,6,Forrest Gump,1994,wiki,plot_setup,c1ee97cae02c6013c1ed288a964710171a4de2e1,145,2026-04-27T17:44:31.502323
